statement,line_item,label,fiscal_year,value,concept,dims,period_start,period_end,accession,filing_date,fact_id,source_url,note
income_statement,net_sales,Net sales,2020,163220.0,RevenueFromContractWithCustomerExcludingAssessedTax,srt:ProductOrServiceAxis=us-gaap:ProductMember,2019-09-02,2020-08-30,0000909832-22-000021,2022-10-05,id3VybDovL2RvY3MudjEvZG9jOjdmOTI4MjJkZGY4NDRjMjQ5MTI2MjdiZjY4NTA5YjU2L3NlYzo3ZjkyODIyZGRmODQ0YzI0OTEyNjI3YmY2ODUwOWI1Nl84Mi9mcmFnOjAyMTg3NTdkYThjZTQ4MzQ5MjhjNWM2M2VhODAzODljL3RhYmxlOmE3NmFkYTViMzBjZDRjYmY5OGRhNWY3M2MzMzVjMWFjL3RhYmxlcmFuZ2U6YTc2YWRhNWIzMGNkNGNiZjk4ZGE1ZjczYzMzNWMxYWNfMy01LTEtMS01NTA3MQ_b31b399a-3b42-4470-a727-a87db8e8bd1e,https://www.sec.gov/Archives/edgar/data/909832/000090983222000021/cost-20220828.htm#id3VybDovL2RvY3MudjEvZG9jOjdmOTI4MjJkZGY4NDRjMjQ5MTI2MjdiZjY4NTA5YjU2L3NlYzo3ZjkyODIyZGRmODQ0YzI0OTEyNjI3YmY2ODUwOWI1Nl84Mi9mcmFnOjAyMTg3NTdkYThjZTQ4MzQ5MjhjNWM2M2VhODAzODljL3RhYmxlOmE3NmFkYTViMzBjZDRjYmY5OGRhNWY3M2MzMzVjMWFjL3RhYmxlcmFuZ2U6YTc2YWRhNWIzMGNkNGNiZjk4ZGE1ZjczYzMzNWMxYWNfMy01LTEtMS01NTA3MQ_b31b399a-3b42-4470-a727-a87db8e8bd1e,
income_statement,membership_fees,Membership fees,2020,3541.0,RevenueFromContractWithCustomerExcludingAssessedTax,srt:ProductOrServiceAxis=us-gaap:MembershipMember,2019-09-02,2020-08-30,0000909832-22-000021,2022-10-05,id3VybDovL2RvY3MudjEvZG9jOjdmOTI4MjJkZGY4NDRjMjQ5MTI2MjdiZjY4NTA5YjU2L3NlYzo3ZjkyODIyZGRmODQ0YzI0OTEyNjI3YmY2ODUwOWI1Nl84Mi9mcmFnOjAyMTg3NTdkYThjZTQ4MzQ5MjhjNWM2M2VhODAzODljL3RhYmxlOmE3NmFkYTViMzBjZDRjYmY5OGRhNWY3M2MzMzVjMWFjL3RhYmxlcmFuZ2U6YTc2YWRhNWIzMGNkNGNiZjk4ZGE1ZjczYzMzNWMxYWNfNC01LTEtMS01NTA3MQ_60cfa3d9-d7ee-4e05-a501-79b3ebac62fb,https://www.sec.gov/Archives/edgar/data/909832/000090983222000021/cost-20220828.htm#id3VybDovL2RvY3MudjEvZG9jOjdmOTI4MjJkZGY4NDRjMjQ5MTI2MjdiZjY4NTA5YjU2L3NlYzo3ZjkyODIyZGRmODQ0YzI0OTEyNjI3YmY2ODUwOWI1Nl84Mi9mcmFnOjAyMTg3NTdkYThjZTQ4MzQ5MjhjNWM2M2VhODAzODljL3RhYmxlOmE3NmFkYTViMzBjZDRjYmY5OGRhNWY3M2MzMzVjMWFjL3RhYmxlcmFuZ2U6YTc2YWRhNWIzMGNkNGNiZjk4ZGE1ZjczYzMzNWMxYWNfNC01LTEtMS01NTA3MQ_60cfa3d9-d7ee-4e05-a501-79b3ebac62fb,
income_statement,total_revenue,Total revenue,2020,166761.0,Revenues,,2019-09-02,2020-08-30,0000909832-22-000021,2022-10-05,id3VybDovL2RvY3MudjEvZG9jOjdmOTI4MjJkZGY4NDRjMjQ5MTI2MjdiZjY4NTA5YjU2L3NlYzo3ZjkyODIyZGRmODQ0YzI0OTEyNjI3YmY2ODUwOWI1Nl8xNDUvZnJhZzpjYzI4OWUyYjJjZmM0ZDUyYmM0ZDRmOWY0M2IwMGI4Ny90YWJsZTozNzc3NTRlZDkwOTU0NDFkYmZkMGFhMjg2OGIwNjYwZC90YWJsZXJhbmdlOjM3Nzc1NGVkOTA5NTQ0MWRiZmQwYWEyODY4YjA2NjBkXzE2LTctMS0xLTU1MDcx_82322293-c561-424f-a554-ac228b413a21,https://www.sec.gov/Archives/edgar/data/909832/000090983222000021/cost-20220828.htm#id3VybDovL2RvY3MudjEvZG9jOjdmOTI4MjJkZGY4NDRjMjQ5MTI2MjdiZjY4NTA5YjU2L3NlYzo3ZjkyODIyZGRmODQ0YzI0OTEyNjI3YmY2ODUwOWI1Nl8xNDUvZnJhZzpjYzI4OWUyYjJjZmM0ZDUyYmM0ZDRmOWY0M2IwMGI4Ny90YWJsZTozNzc3NTRlZDkwOTU0NDFkYmZkMGFhMjg2OGIwNjYwZC90YWJsZXJhbmdlOjM3Nzc1NGVkOTA5NTQ0MWRiZmQwYWEyODY4YjA2NjBkXzE2LTctMS0xLTU1MDcx_82322293-c561-424f-a554-ac228b413a21,
income_statement,merchandise_costs,Merchandise costs,2020,144939.0,CostOfGoodsAndServicesSold,,2019-09-02,2020-08-30,0000909832-22-000021,2022-10-05,id3VybDovL2RvY3MudjEvZG9jOjdmOTI4MjJkZGY4NDRjMjQ5MTI2MjdiZjY4NTA5YjU2L3NlYzo3ZjkyODIyZGRmODQ0YzI0OTEyNjI3YmY2ODUwOWI1Nl84Mi9mcmFnOjAyMTg3NTdkYThjZTQ4MzQ5MjhjNWM2M2VhODAzODljL3RhYmxlOmE3NmFkYTViMzBjZDRjYmY5OGRhNWY3M2MzMzVjMWFjL3RhYmxlcmFuZ2U6YTc2YWRhNWIzMGNkNGNiZjk4ZGE1ZjczYzMzNWMxYWNfNy01LTEtMS01NTA3MQ_8dcf313a-4f6f-4eef-b435-99a6611bb4ed,https://www.sec.gov/Archives/edgar/data/909832/000090983222000021/cost-20220828.htm#id3VybDovL2RvY3MudjEvZG9jOjdmOTI4MjJkZGY4NDRjMjQ5MTI2MjdiZjY4NTA5YjU2L3NlYzo3ZjkyODIyZGRmODQ0YzI0OTEyNjI3YmY2ODUwOWI1Nl84Mi9mcmFnOjAyMTg3NTdkYThjZTQ4MzQ5MjhjNWM2M2VhODAzODljL3RhYmxlOmE3NmFkYTViMzBjZDRjYmY5OGRhNWY3M2MzMzVjMWFjL3RhYmxlcmFuZ2U6YTc2YWRhNWIzMGNkNGNiZjk4ZGE1ZjczYzMzNWMxYWNfNy01LTEtMS01NTA3MQ_8dcf313a-4f6f-4eef-b435-99a6611bb4ed,
income_statement,sga,"Selling, general and administrative",2020,16387.0,SellingGeneralAndAdministrativeExpense,,2019-09-02,2020-08-30,0000909832-22-000021,2022-10-05,id3VybDovL2RvY3MudjEvZG9jOjdmOTI4MjJkZGY4NDRjMjQ5MTI2MjdiZjY4NTA5YjU2L3NlYzo3ZjkyODIyZGRmODQ0YzI0OTEyNjI3YmY2ODUwOWI1Nl84Mi9mcmFnOjAyMTg3NTdkYThjZTQ4MzQ5MjhjNWM2M2VhODAzODljL3RhYmxlOmE3NmFkYTViMzBjZDRjYmY5OGRhNWY3M2MzMzVjMWFjL3RhYmxlcmFuZ2U6YTc2YWRhNWIzMGNkNGNiZjk4ZGE1ZjczYzMzNWMxYWNfOC01LTEtMS01NTA3MQ_856965b2-3633-4254-84ac-1a082a41998d,https://www.sec.gov/Archives/edgar/data/909832/000090983222000021/cost-20220828.htm#id3VybDovL2RvY3MudjEvZG9jOjdmOTI4MjJkZGY4NDRjMjQ5MTI2MjdiZjY4NTA5YjU2L3NlYzo3ZjkyODIyZGRmODQ0YzI0OTEyNjI3YmY2ODUwOWI1Nl84Mi9mcmFnOjAyMTg3NTdkYThjZTQ4MzQ5MjhjNWM2M2VhODAzODljL3RhYmxlOmE3NmFkYTViMzBjZDRjYmY5OGRhNWY3M2MzMzVjMWFjL3RhYmxlcmFuZ2U6YTc2YWRhNWIzMGNkNGNiZjk4ZGE1ZjczYzMzNWMxYWNfOC01LTEtMS01NTA3MQ_856965b2-3633-4254-84ac-1a082a41998d,
income_statement,preopening,Preopening expenses (in SG&A from FY2022 presentation),2020,0.0,,,,,,,,,Not presented as a separate line in 0000909832-22-000021; set to 0
income_statement,operating_income,Operating income,2020,5435.0,OperatingIncomeLoss,,2019-09-02,2020-08-30,0000909832-22-000021,2022-10-05,id3VybDovL2RvY3MudjEvZG9jOjdmOTI4MjJkZGY4NDRjMjQ5MTI2MjdiZjY4NTA5YjU2L3NlYzo3ZjkyODIyZGRmODQ0YzI0OTEyNjI3YmY2ODUwOWI1Nl84Mi9mcmFnOjAyMTg3NTdkYThjZTQ4MzQ5MjhjNWM2M2VhODAzODljL3RhYmxlOmE3NmFkYTViMzBjZDRjYmY5OGRhNWY3M2MzMzVjMWFjL3RhYmxlcmFuZ2U6YTc2YWRhNWIzMGNkNGNiZjk4ZGE1ZjczYzMzNWMxYWNfMTAtNS0xLTEtNTUwNzE_3efe831c-1421-4972-94f6-4da58ea71b1d,https://www.sec.gov/Archives/edgar/data/909832/000090983222000021/cost-20220828.htm#id3VybDovL2RvY3MudjEvZG9jOjdmOTI4MjJkZGY4NDRjMjQ5MTI2MjdiZjY4NTA5YjU2L3NlYzo3ZjkyODIyZGRmODQ0YzI0OTEyNjI3YmY2ODUwOWI1Nl84Mi9mcmFnOjAyMTg3NTdkYThjZTQ4MzQ5MjhjNWM2M2VhODAzODljL3RhYmxlOmE3NmFkYTViMzBjZDRjYmY5OGRhNWY3M2MzMzVjMWFjL3RhYmxlcmFuZ2U6YTc2YWRhNWIzMGNkNGNiZjk4ZGE1ZjczYzMzNWMxYWNfMTAtNS0xLTEtNTUwNzE_3efe831c-1421-4972-94f6-4da58ea71b1d,
income_statement,interest_expense,Interest expense,2020,160.0,InterestExpense,,2019-09-02,2020-08-30,0000909832-22-000021,2022-10-05,id3VybDovL2RvY3MudjEvZG9jOjdmOTI4MjJkZGY4NDRjMjQ5MTI2MjdiZjY4NTA5YjU2L3NlYzo3ZjkyODIyZGRmODQ0YzI0OTEyNjI3YmY2ODUwOWI1Nl84Mi9mcmFnOjAyMTg3NTdkYThjZTQ4MzQ5MjhjNWM2M2VhODAzODljL3RhYmxlOmE3NmFkYTViMzBjZDRjYmY5OGRhNWY3M2MzMzVjMWFjL3RhYmxlcmFuZ2U6YTc2YWRhNWIzMGNkNGNiZjk4ZGE1ZjczYzMzNWMxYWNfMTItNS0xLTEtNTUwNzE_3949011d-661f-407e-bca5-76220bd2e719,https://www.sec.gov/Archives/edgar/data/909832/000090983222000021/cost-20220828.htm#id3VybDovL2RvY3MudjEvZG9jOjdmOTI4MjJkZGY4NDRjMjQ5MTI2MjdiZjY4NTA5YjU2L3NlYzo3ZjkyODIyZGRmODQ0YzI0OTEyNjI3YmY2ODUwOWI1Nl84Mi9mcmFnOjAyMTg3NTdkYThjZTQ4MzQ5MjhjNWM2M2VhODAzODljL3RhYmxlOmE3NmFkYTViMzBjZDRjYmY5OGRhNWY3M2MzMzVjMWFjL3RhYmxlcmFuZ2U6YTc2YWRhNWIzMGNkNGNiZjk4ZGE1ZjczYzMzNWMxYWNfMTItNS0xLTEtNTUwNzE_3949011d-661f-407e-bca5-76220bd2e719,
income_statement,interest_income_other,"Interest income and other, net",2020,92.0,InterestAndOtherIncome,,2019-09-02,2020-08-30,0000909832-22-000021,2022-10-05,id3VybDovL2RvY3MudjEvZG9jOjdmOTI4MjJkZGY4NDRjMjQ5MTI2MjdiZjY4NTA5YjU2L3NlYzo3ZjkyODIyZGRmODQ0YzI0OTEyNjI3YmY2ODUwOWI1Nl84Mi9mcmFnOjAyMTg3NTdkYThjZTQ4MzQ5MjhjNWM2M2VhODAzODljL3RhYmxlOmE3NmFkYTViMzBjZDRjYmY5OGRhNWY3M2MzMzVjMWFjL3RhYmxlcmFuZ2U6YTc2YWRhNWIzMGNkNGNiZjk4ZGE1ZjczYzMzNWMxYWNfMTMtNS0xLTEtNTUwNzE_a7c97b62-f24f-4035-93db-1b2a3646b886,https://www.sec.gov/Archives/edgar/data/909832/000090983222000021/cost-20220828.htm#id3VybDovL2RvY3MudjEvZG9jOjdmOTI4MjJkZGY4NDRjMjQ5MTI2MjdiZjY4NTA5YjU2L3NlYzo3ZjkyODIyZGRmODQ0YzI0OTEyNjI3YmY2ODUwOWI1Nl84Mi9mcmFnOjAyMTg3NTdkYThjZTQ4MzQ5MjhjNWM2M2VhODAzODljL3RhYmxlOmE3NmFkYTViMzBjZDRjYmY5OGRhNWY3M2MzMzVjMWFjL3RhYmxlcmFuZ2U6YTc2YWRhNWIzMGNkNGNiZjk4ZGE1ZjczYzMzNWMxYWNfMTMtNS0xLTEtNTUwNzE_a7c97b62-f24f-4035-93db-1b2a3646b886,
income_statement,pretax_income,Income before income taxes,2020,5367.0,IncomeLossFromContinuingOperationsBeforeIncomeTaxesExtraordinaryItemsNoncontrollingInterest,,2019-09-02,2020-08-30,0000909832-22-000021,2022-10-05,id3VybDovL2RvY3MudjEvZG9jOjdmOTI4MjJkZGY4NDRjMjQ5MTI2MjdiZjY4NTA5YjU2L3NlYzo3ZjkyODIyZGRmODQ0YzI0OTEyNjI3YmY2ODUwOWI1Nl84Mi9mcmFnOjAyMTg3NTdkYThjZTQ4MzQ5MjhjNWM2M2VhODAzODljL3RhYmxlOmE3NmFkYTViMzBjZDRjYmY5OGRhNWY3M2MzMzVjMWFjL3RhYmxlcmFuZ2U6YTc2YWRhNWIzMGNkNGNiZjk4ZGE1ZjczYzMzNWMxYWNfMTQtNS0xLTEtNTUwNzE_d040e321-d413-4a76-822d-855ef2f3b63b,https://www.sec.gov/Archives/edgar/data/909832/000090983222000021/cost-20220828.htm#id3VybDovL2RvY3MudjEvZG9jOjdmOTI4MjJkZGY4NDRjMjQ5MTI2MjdiZjY4NTA5YjU2L3NlYzo3ZjkyODIyZGRmODQ0YzI0OTEyNjI3YmY2ODUwOWI1Nl84Mi9mcmFnOjAyMTg3NTdkYThjZTQ4MzQ5MjhjNWM2M2VhODAzODljL3RhYmxlOmE3NmFkYTViMzBjZDRjYmY5OGRhNWY3M2MzMzVjMWFjL3RhYmxlcmFuZ2U6YTc2YWRhNWIzMGNkNGNiZjk4ZGE1ZjczYzMzNWMxYWNfMTQtNS0xLTEtNTUwNzE_d040e321-d413-4a76-822d-855ef2f3b63b,
income_statement,income_tax,Provision for income taxes,2020,1308.0,IncomeTaxExpenseBenefit,,2019-09-02,2020-08-30,0000909832-22-000021,2022-10-05,id3VybDovL2RvY3MudjEvZG9jOjdmOTI4MjJkZGY4NDRjMjQ5MTI2MjdiZjY4NTA5YjU2L3NlYzo3ZjkyODIyZGRmODQ0YzI0OTEyNjI3YmY2ODUwOWI1Nl84Mi9mcmFnOjAyMTg3NTdkYThjZTQ4MzQ5MjhjNWM2M2VhODAzODljL3RhYmxlOmE3NmFkYTViMzBjZDRjYmY5OGRhNWY3M2MzMzVjMWFjL3RhYmxlcmFuZ2U6YTc2YWRhNWIzMGNkNGNiZjk4ZGE1ZjczYzMzNWMxYWNfMTUtNS0xLTEtNTUwNzE_f40dc106-a86a-473a-b1ab-c200859a0032,https://www.sec.gov/Archives/edgar/data/909832/000090983222000021/cost-20220828.htm#id3VybDovL2RvY3MudjEvZG9jOjdmOTI4MjJkZGY4NDRjMjQ5MTI2MjdiZjY4NTA5YjU2L3NlYzo3ZjkyODIyZGRmODQ0YzI0OTEyNjI3YmY2ODUwOWI1Nl84Mi9mcmFnOjAyMTg3NTdkYThjZTQ4MzQ5MjhjNWM2M2VhODAzODljL3RhYmxlOmE3NmFkYTViMzBjZDRjYmY5OGRhNWY3M2MzMzVjMWFjL3RhYmxlcmFuZ2U6YTc2YWRhNWIzMGNkNGNiZjk4ZGE1ZjczYzMzNWMxYWNfMTUtNS0xLTEtNTUwNzE_f40dc106-a86a-473a-b1ab-c200859a0032,
income_statement,net_income_incl_nci,Net income including noncontrolling interests,2020,4059.0,ProfitLoss,,2019-09-02,2020-08-30,0000909832-22-000021,2022-10-05,id3VybDovL2RvY3MudjEvZG9jOjdmOTI4MjJkZGY4NDRjMjQ5MTI2MjdiZjY4NTA5YjU2L3NlYzo3ZjkyODIyZGRmODQ0YzI0OTEyNjI3YmY2ODUwOWI1Nl84Mi9mcmFnOjAyMTg3NTdkYThjZTQ4MzQ5MjhjNWM2M2VhODAzODljL3RhYmxlOmE3NmFkYTViMzBjZDRjYmY5OGRhNWY3M2MzMzVjMWFjL3RhYmxlcmFuZ2U6YTc2YWRhNWIzMGNkNGNiZjk4ZGE1ZjczYzMzNWMxYWNfMTYtNS0xLTEtNTUwNzE_6cbf76f7-c77b-4886-95bf-62c991bf8f74,https://www.sec.gov/Archives/edgar/data/909832/000090983222000021/cost-20220828.htm#id3VybDovL2RvY3MudjEvZG9jOjdmOTI4MjJkZGY4NDRjMjQ5MTI2MjdiZjY4NTA5YjU2L3NlYzo3ZjkyODIyZGRmODQ0YzI0OTEyNjI3YmY2ODUwOWI1Nl84Mi9mcmFnOjAyMTg3NTdkYThjZTQ4MzQ5MjhjNWM2M2VhODAzODljL3RhYmxlOmE3NmFkYTViMzBjZDRjYmY5OGRhNWY3M2MzMzVjMWFjL3RhYmxlcmFuZ2U6YTc2YWRhNWIzMGNkNGNiZjk4ZGE1ZjczYzMzNWMxYWNfMTYtNS0xLTEtNTUwNzE_6cbf76f7-c77b-4886-95bf-62c991bf8f74,
income_statement,nci_income,Net income attributable to noncontrolling interests,2020,57.0,NetIncomeLossAttributableToNoncontrollingInterest,,2019-09-02,2020-08-30,0000909832-22-000021,2022-10-05,id3VybDovL2RvY3MudjEvZG9jOjdmOTI4MjJkZGY4NDRjMjQ5MTI2MjdiZjY4NTA5YjU2L3NlYzo3ZjkyODIyZGRmODQ0YzI0OTEyNjI3YmY2ODUwOWI1Nl84Mi9mcmFnOjAyMTg3NTdkYThjZTQ4MzQ5MjhjNWM2M2VhODAzODljL3RhYmxlOmE3NmFkYTViMzBjZDRjYmY5OGRhNWY3M2MzMzVjMWFjL3RhYmxlcmFuZ2U6YTc2YWRhNWIzMGNkNGNiZjk4ZGE1ZjczYzMzNWMxYWNfMTctNS0xLTEtNTUwNzE_aa365c3f-50b1-46d1-9e97-eef98b8b34e6,https://www.sec.gov/Archives/edgar/data/909832/000090983222000021/cost-20220828.htm#id3VybDovL2RvY3MudjEvZG9jOjdmOTI4MjJkZGY4NDRjMjQ5MTI2MjdiZjY4NTA5YjU2L3NlYzo3ZjkyODIyZGRmODQ0YzI0OTEyNjI3YmY2ODUwOWI1Nl84Mi9mcmFnOjAyMTg3NTdkYThjZTQ4MzQ5MjhjNWM2M2VhODAzODljL3RhYmxlOmE3NmFkYTViMzBjZDRjYmY5OGRhNWY3M2MzMzVjMWFjL3RhYmxlcmFuZ2U6YTc2YWRhNWIzMGNkNGNiZjk4ZGE1ZjczYzMzNWMxYWNfMTctNS0xLTEtNTUwNzE_aa365c3f-50b1-46d1-9e97-eef98b8b34e6,
income_statement,net_income,Net income attributable to Costco,2020,4002.0,NetIncomeLoss,,2019-09-02,2020-08-30,0000909832-22-000021,2022-10-05,id3VybDovL2RvY3MudjEvZG9jOjdmOTI4MjJkZGY4NDRjMjQ5MTI2MjdiZjY4NTA5YjU2L3NlYzo3ZjkyODIyZGRmODQ0YzI0OTEyNjI3YmY2ODUwOWI1Nl84Mi9mcmFnOjAyMTg3NTdkYThjZTQ4MzQ5MjhjNWM2M2VhODAzODljL3RhYmxlOmE3NmFkYTViMzBjZDRjYmY5OGRhNWY3M2MzMzVjMWFjL3RhYmxlcmFuZ2U6YTc2YWRhNWIzMGNkNGNiZjk4ZGE1ZjczYzMzNWMxYWNfMTgtNS0xLTEtNTUwNzE_52e2e5fe-ae2e-414f-9ab5-9277fbfcdb97,https://www.sec.gov/Archives/edgar/data/909832/000090983222000021/cost-20220828.htm#id3VybDovL2RvY3MudjEvZG9jOjdmOTI4MjJkZGY4NDRjMjQ5MTI2MjdiZjY4NTA5YjU2L3NlYzo3ZjkyODIyZGRmODQ0YzI0OTEyNjI3YmY2ODUwOWI1Nl84Mi9mcmFnOjAyMTg3NTdkYThjZTQ4MzQ5MjhjNWM2M2VhODAzODljL3RhYmxlOmE3NmFkYTViMzBjZDRjYmY5OGRhNWY3M2MzMzVjMWFjL3RhYmxlcmFuZ2U6YTc2YWRhNWIzMGNkNGNiZjk4ZGE1ZjczYzMzNWMxYWNfMTgtNS0xLTEtNTUwNzE_52e2e5fe-ae2e-414f-9ab5-9277fbfcdb97,
income_statement,eps_basic,EPS - basic ($),2020,9.05,EarningsPerShareBasic,,2019-09-02,2020-08-30,0000909832-22-000021,2022-10-05,id3VybDovL2RvY3MudjEvZG9jOjdmOTI4MjJkZGY4NDRjMjQ5MTI2MjdiZjY4NTA5YjU2L3NlYzo3ZjkyODIyZGRmODQ0YzI0OTEyNjI3YmY2ODUwOWI1Nl84Mi9mcmFnOjAyMTg3NTdkYThjZTQ4MzQ5MjhjNWM2M2VhODAzODljL3RhYmxlOmE3NmFkYTViMzBjZDRjYmY5OGRhNWY3M2MzMzVjMWFjL3RhYmxlcmFuZ2U6YTc2YWRhNWIzMGNkNGNiZjk4ZGE1ZjczYzMzNWMxYWNfMjAtNS0xLTEtNTUwNzE_8a0afc66-798f-40a0-8ab6-176a74caefda,https://www.sec.gov/Archives/edgar/data/909832/000090983222000021/cost-20220828.htm#id3VybDovL2RvY3MudjEvZG9jOjdmOTI4MjJkZGY4NDRjMjQ5MTI2MjdiZjY4NTA5YjU2L3NlYzo3ZjkyODIyZGRmODQ0YzI0OTEyNjI3YmY2ODUwOWI1Nl84Mi9mcmFnOjAyMTg3NTdkYThjZTQ4MzQ5MjhjNWM2M2VhODAzODljL3RhYmxlOmE3NmFkYTViMzBjZDRjYmY5OGRhNWY3M2MzMzVjMWFjL3RhYmxlcmFuZ2U6YTc2YWRhNWIzMGNkNGNiZjk4ZGE1ZjczYzMzNWMxYWNfMjAtNS0xLTEtNTUwNzE_8a0afc66-798f-40a0-8ab6-176a74caefda,
income_statement,eps_diluted,EPS - diluted ($),2020,9.02,EarningsPerShareDiluted,,2019-09-02,2020-08-30,0000909832-22-000021,2022-10-05,id3VybDovL2RvY3MudjEvZG9jOjdmOTI4MjJkZGY4NDRjMjQ5MTI2MjdiZjY4NTA5YjU2L3NlYzo3ZjkyODIyZGRmODQ0YzI0OTEyNjI3YmY2ODUwOWI1Nl84Mi9mcmFnOjAyMTg3NTdkYThjZTQ4MzQ5MjhjNWM2M2VhODAzODljL3RhYmxlOmE3NmFkYTViMzBjZDRjYmY5OGRhNWY3M2MzMzVjMWFjL3RhYmxlcmFuZ2U6YTc2YWRhNWIzMGNkNGNiZjk4ZGE1ZjczYzMzNWMxYWNfMjEtNS0xLTEtNTUwNzE_eb36da3a-39a0-464f-9fa0-fa4bb5060c41,https://www.sec.gov/Archives/edgar/data/909832/000090983222000021/cost-20220828.htm#id3VybDovL2RvY3MudjEvZG9jOjdmOTI4MjJkZGY4NDRjMjQ5MTI2MjdiZjY4NTA5YjU2L3NlYzo3ZjkyODIyZGRmODQ0YzI0OTEyNjI3YmY2ODUwOWI1Nl84Mi9mcmFnOjAyMTg3NTdkYThjZTQ4MzQ5MjhjNWM2M2VhODAzODljL3RhYmxlOmE3NmFkYTViMzBjZDRjYmY5OGRhNWY3M2MzMzVjMWFjL3RhYmxlcmFuZ2U6YTc2YWRhNWIzMGNkNGNiZjk4ZGE1ZjczYzMzNWMxYWNfMjEtNS0xLTEtNTUwNzE_eb36da3a-39a0-464f-9fa0-fa4bb5060c41,
income_statement,shares_basic,Weighted avg. shares - basic (m),2020,442.297,WeightedAverageNumberOfSharesOutstandingBasic,,2019-09-02,2020-08-30,0000909832-22-000021,2022-10-05,id3VybDovL2RvY3MudjEvZG9jOjdmOTI4MjJkZGY4NDRjMjQ5MTI2MjdiZjY4NTA5YjU2L3NlYzo3ZjkyODIyZGRmODQ0YzI0OTEyNjI3YmY2ODUwOWI1Nl84Mi9mcmFnOjAyMTg3NTdkYThjZTQ4MzQ5MjhjNWM2M2VhODAzODljL3RhYmxlOmE3NmFkYTViMzBjZDRjYmY5OGRhNWY3M2MzMzVjMWFjL3RhYmxlcmFuZ2U6YTc2YWRhNWIzMGNkNGNiZjk4ZGE1ZjczYzMzNWMxYWNfMjMtNS0xLTEtNTUwNzE_742dc2f4-02c2-413f-8ede-301d7c804bce,https://www.sec.gov/Archives/edgar/data/909832/000090983222000021/cost-20220828.htm#id3VybDovL2RvY3MudjEvZG9jOjdmOTI4MjJkZGY4NDRjMjQ5MTI2MjdiZjY4NTA5YjU2L3NlYzo3ZjkyODIyZGRmODQ0YzI0OTEyNjI3YmY2ODUwOWI1Nl84Mi9mcmFnOjAyMTg3NTdkYThjZTQ4MzQ5MjhjNWM2M2VhODAzODljL3RhYmxlOmE3NmFkYTViMzBjZDRjYmY5OGRhNWY3M2MzMzVjMWFjL3RhYmxlcmFuZ2U6YTc2YWRhNWIzMGNkNGNiZjk4ZGE1ZjczYzMzNWMxYWNfMjMtNS0xLTEtNTUwNzE_742dc2f4-02c2-413f-8ede-301d7c804bce,
income_statement,shares_diluted,Weighted avg. shares - diluted (m),2020,443.901,WeightedAverageNumberOfDilutedSharesOutstanding,,2019-09-02,2020-08-30,0000909832-22-000021,2022-10-05,id3VybDovL2RvY3MudjEvZG9jOjdmOTI4MjJkZGY4NDRjMjQ5MTI2MjdiZjY4NTA5YjU2L3NlYzo3ZjkyODIyZGRmODQ0YzI0OTEyNjI3YmY2ODUwOWI1Nl84Mi9mcmFnOjAyMTg3NTdkYThjZTQ4MzQ5MjhjNWM2M2VhODAzODljL3RhYmxlOmE3NmFkYTViMzBjZDRjYmY5OGRhNWY3M2MzMzVjMWFjL3RhYmxlcmFuZ2U6YTc2YWRhNWIzMGNkNGNiZjk4ZGE1ZjczYzMzNWMxYWNfMjQtNS0xLTEtNTUwNzE_829117a0-1ac3-4771-ba85-a2a55b4218c5,https://www.sec.gov/Archives/edgar/data/909832/000090983222000021/cost-20220828.htm#id3VybDovL2RvY3MudjEvZG9jOjdmOTI4MjJkZGY4NDRjMjQ5MTI2MjdiZjY4NTA5YjU2L3NlYzo3ZjkyODIyZGRmODQ0YzI0OTEyNjI3YmY2ODUwOWI1Nl84Mi9mcmFnOjAyMTg3NTdkYThjZTQ4MzQ5MjhjNWM2M2VhODAzODljL3RhYmxlOmE3NmFkYTViMzBjZDRjYmY5OGRhNWY3M2MzMzVjMWFjL3RhYmxlcmFuZ2U6YTc2YWRhNWIzMGNkNGNiZjk4ZGE1ZjczYzMzNWMxYWNfMjQtNS0xLTEtNTUwNzE_829117a0-1ac3-4771-ba85-a2a55b4218c5,
income_statement,net_sales,Net sales,2021,192052.0,RevenueFromContractWithCustomerExcludingAssessedTax,srt:ProductOrServiceAxis=us-gaap:ProductMember,2020-08-31,2021-08-29,0000909832-23-000042,2023-10-11,f-38,https://www.sec.gov/Archives/edgar/data/909832/000090983223000042/cost-20230903.htm#f-38,
income_statement,membership_fees,Membership fees,2021,3877.0,RevenueFromContractWithCustomerExcludingAssessedTax,srt:ProductOrServiceAxis=us-gaap:MembershipMember,2020-08-31,2021-08-29,0000909832-23-000042,2023-10-11,f-41,https://www.sec.gov/Archives/edgar/data/909832/000090983223000042/cost-20230903.htm#f-41,
income_statement,total_revenue,Total revenue,2021,195929.0,Revenues,,2020-08-31,2021-08-29,0000909832-23-000042,2023-10-11,f-935,https://www.sec.gov/Archives/edgar/data/909832/000090983223000042/cost-20230903.htm#f-935,
income_statement,merchandise_costs,Merchandise costs,2021,170684.0,CostOfGoodsAndServicesSold,,2020-08-31,2021-08-29,0000909832-23-000042,2023-10-11,f-47,https://www.sec.gov/Archives/edgar/data/909832/000090983223000042/cost-20230903.htm#f-47,
income_statement,sga,"Selling, general and administrative",2021,18537.0,SellingGeneralAndAdministrativeExpense,,2020-08-31,2021-08-29,0000909832-23-000042,2023-10-11,f-50,https://www.sec.gov/Archives/edgar/data/909832/000090983223000042/cost-20230903.htm#f-50,
income_statement,preopening,Preopening expenses (in SG&A from FY2022 presentation),2021,0.0,,,,,,,,,Not presented as a separate line in 0000909832-23-000042; set to 0
income_statement,operating_income,Operating income,2021,6708.0,OperatingIncomeLoss,,2020-08-31,2021-08-29,0000909832-23-000042,2023-10-11,f-53,https://www.sec.gov/Archives/edgar/data/909832/000090983223000042/cost-20230903.htm#f-53,
income_statement,interest_expense,Interest expense,2021,171.0,InterestExpense,,2020-08-31,2021-08-29,0000909832-23-000042,2023-10-11,f-56,https://www.sec.gov/Archives/edgar/data/909832/000090983223000042/cost-20230903.htm#f-56,
income_statement,interest_income_other,"Interest income and other, net",2021,143.0,InterestAndOtherIncome,,2020-08-31,2021-08-29,0000909832-23-000042,2023-10-11,f-59,https://www.sec.gov/Archives/edgar/data/909832/000090983223000042/cost-20230903.htm#f-59,
income_statement,pretax_income,Income before income taxes,2021,6680.0,IncomeLossFromContinuingOperationsBeforeIncomeTaxesExtraordinaryItemsNoncontrollingInterest,,2020-08-31,2021-08-29,0000909832-23-000042,2023-10-11,f-62,https://www.sec.gov/Archives/edgar/data/909832/000090983223000042/cost-20230903.htm#f-62,
income_statement,income_tax,Provision for income taxes,2021,1601.0,IncomeTaxExpenseBenefit,,2020-08-31,2021-08-29,0000909832-23-000042,2023-10-11,f-65,https://www.sec.gov/Archives/edgar/data/909832/000090983223000042/cost-20230903.htm#f-65,
income_statement,net_income_incl_nci,Net income including noncontrolling interests,2021,5079.0,ProfitLoss,,2020-08-31,2021-08-29,0000909832-23-000042,2023-10-11,f-68,https://www.sec.gov/Archives/edgar/data/909832/000090983223000042/cost-20230903.htm#f-68,
income_statement,nci_income,Net income attributable to noncontrolling interests,2021,72.0,NetIncomeLossAttributableToNoncontrollingInterest,,2020-08-31,2021-08-29,0000909832-23-000042,2023-10-11,f-71,https://www.sec.gov/Archives/edgar/data/909832/000090983223000042/cost-20230903.htm#f-71,
income_statement,net_income,Net income attributable to Costco,2021,5007.0,NetIncomeLoss,,2020-08-31,2021-08-29,0000909832-23-000042,2023-10-11,f-74,https://www.sec.gov/Archives/edgar/data/909832/000090983223000042/cost-20230903.htm#f-74,
income_statement,eps_basic,EPS - basic ($),2021,11.3,EarningsPerShareBasic,,2020-08-31,2021-08-29,0000909832-23-000042,2023-10-11,f-77,https://www.sec.gov/Archives/edgar/data/909832/000090983223000042/cost-20230903.htm#f-77,
income_statement,eps_diluted,EPS - diluted ($),2021,11.27,EarningsPerShareDiluted,,2020-08-31,2021-08-29,0000909832-23-000042,2023-10-11,f-80,https://www.sec.gov/Archives/edgar/data/909832/000090983223000042/cost-20230903.htm#f-80,
income_statement,shares_basic,Weighted avg. shares - basic (m),2021,443.089,WeightedAverageNumberOfSharesOutstandingBasic,,2020-08-31,2021-08-29,0000909832-23-000042,2023-10-11,f-83,https://www.sec.gov/Archives/edgar/data/909832/000090983223000042/cost-20230903.htm#f-83,
income_statement,shares_diluted,Weighted avg. shares - diluted (m),2021,444.346,WeightedAverageNumberOfDilutedSharesOutstanding,,2020-08-31,2021-08-29,0000909832-23-000042,2023-10-11,f-86,https://www.sec.gov/Archives/edgar/data/909832/000090983223000042/cost-20230903.htm#f-86,
income_statement,net_sales,Net sales,2022,222730.0,RevenueFromContractWithCustomerExcludingAssessedTax,srt:ProductOrServiceAxis=us-gaap:ProductMember,2021-08-30,2022-08-28,0000909832-24-000049,2024-10-09,f-38,https://www.sec.gov/Archives/edgar/data/909832/000090983224000049/cost-20240901.htm#f-38,
income_statement,membership_fees,Membership fees,2022,4224.0,RevenueFromContractWithCustomerExcludingAssessedTax,srt:ProductOrServiceAxis=us-gaap:MembershipMember,2021-08-30,2022-08-28,0000909832-24-000049,2024-10-09,f-41,https://www.sec.gov/Archives/edgar/data/909832/000090983224000049/cost-20240901.htm#f-41,
income_statement,total_revenue,Total revenue,2022,226954.0,Revenues,,2021-08-30,2022-08-28,0000909832-24-000049,2024-10-09,f-939,https://www.sec.gov/Archives/edgar/data/909832/000090983224000049/cost-20240901.htm#f-939,
income_statement,merchandise_costs,Merchandise costs,2022,199382.0,CostOfGoodsAndServicesSold,,2021-08-30,2022-08-28,0000909832-24-000049,2024-10-09,f-47,https://www.sec.gov/Archives/edgar/data/909832/000090983224000049/cost-20240901.htm#f-47,
income_statement,sga,"Selling, general and administrative",2022,19779.0,SellingGeneralAndAdministrativeExpense,,2021-08-30,2022-08-28,0000909832-24-000049,2024-10-09,f-50,https://www.sec.gov/Archives/edgar/data/909832/000090983224000049/cost-20240901.htm#f-50,
income_statement,preopening,Preopening expenses (in SG&A from FY2022 presentation),2022,0.0,,,,,,,,,Not presented as a separate line in 0000909832-24-000049; set to 0
income_statement,operating_income,Operating income,2022,7793.0,OperatingIncomeLoss,,2021-08-30,2022-08-28,0000909832-24-000049,2024-10-09,f-53,https://www.sec.gov/Archives/edgar/data/909832/000090983224000049/cost-20240901.htm#f-53,
income_statement,interest_expense,Interest expense,2022,158.0,InterestExpense,,2021-08-30,2022-08-28,0000909832-24-000049,2024-10-09,f-56,https://www.sec.gov/Archives/edgar/data/909832/000090983224000049/cost-20240901.htm#f-56,
income_statement,interest_income_other,"Interest income and other, net",2022,205.0,InterestAndOtherIncome,,2021-08-30,2022-08-28,0000909832-24-000049,2024-10-09,f-59,https://www.sec.gov/Archives/edgar/data/909832/000090983224000049/cost-20240901.htm#f-59,
income_statement,pretax_income,Income before income taxes,2022,7840.0,IncomeLossFromContinuingOperationsBeforeIncomeTaxesExtraordinaryItemsNoncontrollingInterest,,2021-08-30,2022-08-28,0000909832-24-000049,2024-10-09,f-62,https://www.sec.gov/Archives/edgar/data/909832/000090983224000049/cost-20240901.htm#f-62,
income_statement,income_tax,Provision for income taxes,2022,1925.0,IncomeTaxExpenseBenefit,,2021-08-30,2022-08-28,0000909832-24-000049,2024-10-09,f-65,https://www.sec.gov/Archives/edgar/data/909832/000090983224000049/cost-20240901.htm#f-65,
income_statement,net_income_incl_nci,Net income including noncontrolling interests,2022,5915.0,ProfitLoss,,2021-08-30,2022-08-28,0000909832-24-000049,2024-10-09,f-68,https://www.sec.gov/Archives/edgar/data/909832/000090983224000049/cost-20240901.htm#f-68,
income_statement,nci_income,Net income attributable to noncontrolling interests,2022,71.0,NetIncomeLossAttributableToNoncontrollingInterest,,2021-08-30,2022-08-28,0000909832-24-000049,2024-10-09,f-71,https://www.sec.gov/Archives/edgar/data/909832/000090983224000049/cost-20240901.htm#f-71,
income_statement,net_income,Net income attributable to Costco,2022,5844.0,NetIncomeLoss,,2021-08-30,2022-08-28,0000909832-24-000049,2024-10-09,f-74,https://www.sec.gov/Archives/edgar/data/909832/000090983224000049/cost-20240901.htm#f-74,
income_statement,eps_basic,EPS - basic ($),2022,13.17,EarningsPerShareBasic,,2021-08-30,2022-08-28,0000909832-24-000049,2024-10-09,f-77,https://www.sec.gov/Archives/edgar/data/909832/000090983224000049/cost-20240901.htm#f-77,
income_statement,eps_diluted,EPS - diluted ($),2022,13.14,EarningsPerShareDiluted,,2021-08-30,2022-08-28,0000909832-24-000049,2024-10-09,f-80,https://www.sec.gov/Archives/edgar/data/909832/000090983224000049/cost-20240901.htm#f-80,
income_statement,shares_basic,Weighted avg. shares - basic (m),2022,443.651,WeightedAverageNumberOfSharesOutstandingBasic,,2021-08-30,2022-08-28,0000909832-24-000049,2024-10-09,f-83,https://www.sec.gov/Archives/edgar/data/909832/000090983224000049/cost-20240901.htm#f-83,
income_statement,shares_diluted,Weighted avg. shares - diluted (m),2022,444.757,WeightedAverageNumberOfDilutedSharesOutstanding,,2021-08-30,2022-08-28,0000909832-24-000049,2024-10-09,f-86,https://www.sec.gov/Archives/edgar/data/909832/000090983224000049/cost-20240901.htm#f-86,
income_statement,net_sales,Net sales,2023,237710.0,RevenueFromContractWithCustomerExcludingAssessedTax,srt:ProductOrServiceAxis=us-gaap:ProductMember,2022-08-29,2023-09-03,0000909832-24-000049,2024-10-09,f-37,https://www.sec.gov/Archives/edgar/data/909832/000090983224000049/cost-20240901.htm#f-37,
income_statement,membership_fees,Membership fees,2023,4580.0,RevenueFromContractWithCustomerExcludingAssessedTax,srt:ProductOrServiceAxis=us-gaap:MembershipMember,2022-08-29,2023-09-03,0000909832-24-000049,2024-10-09,f-40,https://www.sec.gov/Archives/edgar/data/909832/000090983224000049/cost-20240901.htm#f-40,
income_statement,total_revenue,Total revenue,2023,242290.0,Revenues,,2022-08-29,2023-09-03,0000909832-24-000049,2024-10-09,f-915,https://www.sec.gov/Archives/edgar/data/909832/000090983224000049/cost-20240901.htm#f-915,
income_statement,merchandise_costs,Merchandise costs,2023,212586.0,CostOfGoodsAndServicesSold,,2022-08-29,2023-09-03,0000909832-24-000049,2024-10-09,f-46,https://www.sec.gov/Archives/edgar/data/909832/000090983224000049/cost-20240901.htm#f-46,
income_statement,sga,"Selling, general and administrative",2023,21590.0,SellingGeneralAndAdministrativeExpense,,2022-08-29,2023-09-03,0000909832-24-000049,2024-10-09,f-49,https://www.sec.gov/Archives/edgar/data/909832/000090983224000049/cost-20240901.htm#f-49,
income_statement,preopening,Preopening expenses (in SG&A from FY2022 presentation),2023,0.0,,,,,,,,,Not presented as a separate line in 0000909832-24-000049; set to 0
income_statement,operating_income,Operating income,2023,8114.0,OperatingIncomeLoss,,2022-08-29,2023-09-03,0000909832-24-000049,2024-10-09,f-52,https://www.sec.gov/Archives/edgar/data/909832/000090983224000049/cost-20240901.htm#f-52,
income_statement,interest_expense,Interest expense,2023,160.0,InterestExpense,,2022-08-29,2023-09-03,0000909832-24-000049,2024-10-09,f-55,https://www.sec.gov/Archives/edgar/data/909832/000090983224000049/cost-20240901.htm#f-55,
income_statement,interest_income_other,"Interest income and other, net",2023,533.0,InterestAndOtherIncome,,2022-08-29,2023-09-03,0000909832-24-000049,2024-10-09,f-58,https://www.sec.gov/Archives/edgar/data/909832/000090983224000049/cost-20240901.htm#f-58,
income_statement,pretax_income,Income before income taxes,2023,8487.0,IncomeLossFromContinuingOperationsBeforeIncomeTaxesExtraordinaryItemsNoncontrollingInterest,,2022-08-29,2023-09-03,0000909832-24-000049,2024-10-09,f-61,https://www.sec.gov/Archives/edgar/data/909832/000090983224000049/cost-20240901.htm#f-61,
income_statement,income_tax,Provision for income taxes,2023,2195.0,IncomeTaxExpenseBenefit,,2022-08-29,2023-09-03,0000909832-24-000049,2024-10-09,f-64,https://www.sec.gov/Archives/edgar/data/909832/000090983224000049/cost-20240901.htm#f-64,
income_statement,net_income_incl_nci,Net income including noncontrolling interests,2023,6292.0,ProfitLoss,,2022-08-29,2023-09-03,0000909832-24-000049,2024-10-09,f-67,https://www.sec.gov/Archives/edgar/data/909832/000090983224000049/cost-20240901.htm#f-67,
income_statement,nci_income,Net income attributable to noncontrolling interests,2023,0.0,NetIncomeLossAttributableToNoncontrollingInterest,,2022-08-29,2023-09-03,0000909832-24-000049,2024-10-09,f-70,https://www.sec.gov/Archives/edgar/data/909832/000090983224000049/cost-20240901.htm#f-70,
income_statement,net_income,Net income attributable to Costco,2023,6292.0,NetIncomeLoss,,2022-08-29,2023-09-03,0000909832-24-000049,2024-10-09,f-73,https://www.sec.gov/Archives/edgar/data/909832/000090983224000049/cost-20240901.htm#f-73,
income_statement,eps_basic,EPS - basic ($),2023,14.18,EarningsPerShareBasic,,2022-08-29,2023-09-03,0000909832-24-000049,2024-10-09,f-76,https://www.sec.gov/Archives/edgar/data/909832/000090983224000049/cost-20240901.htm#f-76,
income_statement,eps_diluted,EPS - diluted ($),2023,14.16,EarningsPerShareDiluted,,2022-08-29,2023-09-03,0000909832-24-000049,2024-10-09,f-79,https://www.sec.gov/Archives/edgar/data/909832/000090983224000049/cost-20240901.htm#f-79,
income_statement,shares_basic,Weighted avg. shares - basic (m),2023,443.854,WeightedAverageNumberOfSharesOutstandingBasic,,2022-08-29,2023-09-03,0000909832-24-000049,2024-10-09,f-82,https://www.sec.gov/Archives/edgar/data/909832/000090983224000049/cost-20240901.htm#f-82,
income_statement,shares_diluted,Weighted avg. shares - diluted (m),2023,444.452,WeightedAverageNumberOfDilutedSharesOutstanding,,2022-08-29,2023-09-03,0000909832-24-000049,2024-10-09,f-85,https://www.sec.gov/Archives/edgar/data/909832/000090983224000049/cost-20240901.htm#f-85,
income_statement,net_sales,Net sales,2024,249625.0,RevenueFromContractWithCustomerExcludingAssessedTax,srt:ProductOrServiceAxis=us-gaap:ProductMember,2023-09-04,2024-09-01,0000909832-24-000049,2024-10-09,f-36,https://www.sec.gov/Archives/edgar/data/909832/000090983224000049/cost-20240901.htm#f-36,
income_statement,membership_fees,Membership fees,2024,4828.0,RevenueFromContractWithCustomerExcludingAssessedTax,srt:ProductOrServiceAxis=us-gaap:MembershipMember,2023-09-04,2024-09-01,0000909832-24-000049,2024-10-09,f-39,https://www.sec.gov/Archives/edgar/data/909832/000090983224000049/cost-20240901.htm#f-39,
income_statement,total_revenue,Total revenue,2024,254453.0,Revenues,,2023-09-04,2024-09-01,0000909832-24-000049,2024-10-09,f-891,https://www.sec.gov/Archives/edgar/data/909832/000090983224000049/cost-20240901.htm#f-891,
income_statement,merchandise_costs,Merchandise costs,2024,222358.0,CostOfGoodsAndServicesSold,,2023-09-04,2024-09-01,0000909832-24-000049,2024-10-09,f-45,https://www.sec.gov/Archives/edgar/data/909832/000090983224000049/cost-20240901.htm#f-45,
income_statement,sga,"Selling, general and administrative",2024,22810.0,SellingGeneralAndAdministrativeExpense,,2023-09-04,2024-09-01,0000909832-24-000049,2024-10-09,f-48,https://www.sec.gov/Archives/edgar/data/909832/000090983224000049/cost-20240901.htm#f-48,
income_statement,preopening,Preopening expenses (in SG&A from FY2022 presentation),2024,0.0,,,,,,,,,Not presented as a separate line in 0000909832-24-000049; set to 0
income_statement,operating_income,Operating income,2024,9285.0,OperatingIncomeLoss,,2023-09-04,2024-09-01,0000909832-24-000049,2024-10-09,f-51,https://www.sec.gov/Archives/edgar/data/909832/000090983224000049/cost-20240901.htm#f-51,
income_statement,interest_expense,Interest expense,2024,169.0,InterestExpense,,2023-09-04,2024-09-01,0000909832-24-000049,2024-10-09,f-54,https://www.sec.gov/Archives/edgar/data/909832/000090983224000049/cost-20240901.htm#f-54,
income_statement,interest_income_other,"Interest income and other, net",2024,624.0,InterestAndOtherIncome,,2023-09-04,2024-09-01,0000909832-24-000049,2024-10-09,f-57,https://www.sec.gov/Archives/edgar/data/909832/000090983224000049/cost-20240901.htm#f-57,
income_statement,pretax_income,Income before income taxes,2024,9740.0,IncomeLossFromContinuingOperationsBeforeIncomeTaxesExtraordinaryItemsNoncontrollingInterest,,2023-09-04,2024-09-01,0000909832-24-000049,2024-10-09,f-60,https://www.sec.gov/Archives/edgar/data/909832/000090983224000049/cost-20240901.htm#f-60,
income_statement,income_tax,Provision for income taxes,2024,2373.0,IncomeTaxExpenseBenefit,,2023-09-04,2024-09-01,0000909832-24-000049,2024-10-09,f-63,https://www.sec.gov/Archives/edgar/data/909832/000090983224000049/cost-20240901.htm#f-63,
income_statement,net_income_incl_nci,Net income including noncontrolling interests,2024,7367.0,ProfitLoss,,2023-09-04,2024-09-01,0000909832-24-000049,2024-10-09,f-66,https://www.sec.gov/Archives/edgar/data/909832/000090983224000049/cost-20240901.htm#f-66,
income_statement,nci_income,Net income attributable to noncontrolling interests,2024,0.0,NetIncomeLossAttributableToNoncontrollingInterest,,2023-09-04,2024-09-01,0000909832-24-000049,2024-10-09,f-69,https://www.sec.gov/Archives/edgar/data/909832/000090983224000049/cost-20240901.htm#f-69,
income_statement,net_income,Net income attributable to Costco,2024,7367.0,NetIncomeLoss,,2023-09-04,2024-09-01,0000909832-24-000049,2024-10-09,f-72,https://www.sec.gov/Archives/edgar/data/909832/000090983224000049/cost-20240901.htm#f-72,
income_statement,eps_basic,EPS - basic ($),2024,16.59,EarningsPerShareBasic,,2023-09-04,2024-09-01,0000909832-24-000049,2024-10-09,f-75,https://www.sec.gov/Archives/edgar/data/909832/000090983224000049/cost-20240901.htm#f-75,
income_statement,eps_diluted,EPS - diluted ($),2024,16.56,EarningsPerShareDiluted,,2023-09-04,2024-09-01,0000909832-24-000049,2024-10-09,f-78,https://www.sec.gov/Archives/edgar/data/909832/000090983224000049/cost-20240901.htm#f-78,
income_statement,shares_basic,Weighted avg. shares - basic (m),2024,443.914,WeightedAverageNumberOfSharesOutstandingBasic,,2023-09-04,2024-09-01,0000909832-24-000049,2024-10-09,f-81,https://www.sec.gov/Archives/edgar/data/909832/000090983224000049/cost-20240901.htm#f-81,
income_statement,shares_diluted,Weighted avg. shares - diluted (m),2024,444.759,WeightedAverageNumberOfDilutedSharesOutstanding,,2023-09-04,2024-09-01,0000909832-24-000049,2024-10-09,f-84,https://www.sec.gov/Archives/edgar/data/909832/000090983224000049/cost-20240901.htm#f-84,
balance_sheet,cash,Cash and cash equivalents,2019,8384.0,CashAndCashEquivalentsAtCarryingValue,,,2019-09-01,0000909832-20-000017,2020-10-07,id3VybDovL2RvY3MudjEvZG9jOmQyYzdhMjdjYzQ1YTQzNDFhN2JkZjg4Yjk3MzlkMzhiL3NlYzpkMmM3YTI3Y2M0NWE0MzQxYTdiZGY4OGI5NzM5ZDM4Yl83OS9mcmFnOjQxZTU1ODI1ZjI5MDQ2ZTU5NjNhMDk0NTMzYjIxMzdhL3RhYmxlOmY3NzBmMmZlNGZlMTQzYTA5ODljYTZhNzZmZmZiYjdiL3RhYmxlcmFuZ2U6Zjc3MGYyZmU0ZmUxNDNhMDk4OWNhNmE3NmZmZmJiN2JfMy0zLTEtMS0w_3faf12ee-c97d-4fad-bf90-4228674ac507,https://www.sec.gov/Archives/edgar/data/909832/000090983220000017/cost-20200830.htm#id3VybDovL2RvY3MudjEvZG9jOmQyYzdhMjdjYzQ1YTQzNDFhN2JkZjg4Yjk3MzlkMzhiL3NlYzpkMmM3YTI3Y2M0NWE0MzQxYTdiZGY4OGI5NzM5ZDM4Yl83OS9mcmFnOjQxZTU1ODI1ZjI5MDQ2ZTU5NjNhMDk0NTMzYjIxMzdhL3RhYmxlOmY3NzBmMmZlNGZlMTQzYTA5ODljYTZhNzZmZmZiYjdiL3RhYmxlcmFuZ2U6Zjc3MGYyZmU0ZmUxNDNhMDk4OWNhNmE3NmZmZmJiN2JfMy0zLTEtMS0w_3faf12ee-c97d-4fad-bf90-4228674ac507,
balance_sheet,short_term_investments,Short-term investments,2019,1060.0,ShortTermInvestments,,,2019-09-01,0000909832-20-000017,2020-10-07,id3VybDovL2RvY3MudjEvZG9jOmQyYzdhMjdjYzQ1YTQzNDFhN2JkZjg4Yjk3MzlkMzhiL3NlYzpkMmM3YTI3Y2M0NWE0MzQxYTdiZGY4OGI5NzM5ZDM4Yl83OS9mcmFnOjQxZTU1ODI1ZjI5MDQ2ZTU5NjNhMDk0NTMzYjIxMzdhL3RhYmxlOmY3NzBmMmZlNGZlMTQzYTA5ODljYTZhNzZmZmZiYjdiL3RhYmxlcmFuZ2U6Zjc3MGYyZmU0ZmUxNDNhMDk4OWNhNmE3NmZmZmJiN2JfNC0zLTEtMS0w_cd515793-40fd-4383-8a87-4ed94ff4d803,https://www.sec.gov/Archives/edgar/data/909832/000090983220000017/cost-20200830.htm#id3VybDovL2RvY3MudjEvZG9jOmQyYzdhMjdjYzQ1YTQzNDFhN2JkZjg4Yjk3MzlkMzhiL3NlYzpkMmM3YTI3Y2M0NWE0MzQxYTdiZGY4OGI5NzM5ZDM4Yl83OS9mcmFnOjQxZTU1ODI1ZjI5MDQ2ZTU5NjNhMDk0NTMzYjIxMzdhL3RhYmxlOmY3NzBmMmZlNGZlMTQzYTA5ODljYTZhNzZmZmZiYjdiL3RhYmxlcmFuZ2U6Zjc3MGYyZmU0ZmUxNDNhMDk4OWNhNmE3NmZmZmJiN2JfNC0zLTEtMS0w_cd515793-40fd-4383-8a87-4ed94ff4d803,
balance_sheet,receivables,"Receivables, net",2019,1535.0,ReceivablesNetCurrent,,,2019-09-01,0000909832-20-000017,2020-10-07,id3VybDovL2RvY3MudjEvZG9jOmQyYzdhMjdjYzQ1YTQzNDFhN2JkZjg4Yjk3MzlkMzhiL3NlYzpkMmM3YTI3Y2M0NWE0MzQxYTdiZGY4OGI5NzM5ZDM4Yl83OS9mcmFnOjQxZTU1ODI1ZjI5MDQ2ZTU5NjNhMDk0NTMzYjIxMzdhL3RhYmxlOmY3NzBmMmZlNGZlMTQzYTA5ODljYTZhNzZmZmZiYjdiL3RhYmxlcmFuZ2U6Zjc3MGYyZmU0ZmUxNDNhMDk4OWNhNmE3NmZmZmJiN2JfNS0zLTEtMS0w_5ad4ccc6-d345-4147-8538-b378ec73b242,https://www.sec.gov/Archives/edgar/data/909832/000090983220000017/cost-20200830.htm#id3VybDovL2RvY3MudjEvZG9jOmQyYzdhMjdjYzQ1YTQzNDFhN2JkZjg4Yjk3MzlkMzhiL3NlYzpkMmM3YTI3Y2M0NWE0MzQxYTdiZGY4OGI5NzM5ZDM4Yl83OS9mcmFnOjQxZTU1ODI1ZjI5MDQ2ZTU5NjNhMDk0NTMzYjIxMzdhL3RhYmxlOmY3NzBmMmZlNGZlMTQzYTA5ODljYTZhNzZmZmZiYjdiL3RhYmxlcmFuZ2U6Zjc3MGYyZmU0ZmUxNDNhMDk4OWNhNmE3NmZmZmJiN2JfNS0zLTEtMS0w_5ad4ccc6-d345-4147-8538-b378ec73b242,
balance_sheet,inventories,Merchandise inventories,2019,11395.0,InventoryNet,,,2019-09-01,0000909832-20-000017,2020-10-07,id3VybDovL2RvY3MudjEvZG9jOmQyYzdhMjdjYzQ1YTQzNDFhN2JkZjg4Yjk3MzlkMzhiL3NlYzpkMmM3YTI3Y2M0NWE0MzQxYTdiZGY4OGI5NzM5ZDM4Yl83OS9mcmFnOjQxZTU1ODI1ZjI5MDQ2ZTU5NjNhMDk0NTMzYjIxMzdhL3RhYmxlOmY3NzBmMmZlNGZlMTQzYTA5ODljYTZhNzZmZmZiYjdiL3RhYmxlcmFuZ2U6Zjc3MGYyZmU0ZmUxNDNhMDk4OWNhNmE3NmZmZmJiN2JfNi0zLTEtMS0w_2b8933d5-f4c8-4d15-a118-664e5020efd9,https://www.sec.gov/Archives/edgar/data/909832/000090983220000017/cost-20200830.htm#id3VybDovL2RvY3MudjEvZG9jOmQyYzdhMjdjYzQ1YTQzNDFhN2JkZjg4Yjk3MzlkMzhiL3NlYzpkMmM3YTI3Y2M0NWE0MzQxYTdiZGY4OGI5NzM5ZDM4Yl83OS9mcmFnOjQxZTU1ODI1ZjI5MDQ2ZTU5NjNhMDk0NTMzYjIxMzdhL3RhYmxlOmY3NzBmMmZlNGZlMTQzYTA5ODljYTZhNzZmZmZiYjdiL3RhYmxlcmFuZ2U6Zjc3MGYyZmU0ZmUxNDNhMDk4OWNhNmE3NmZmZmJiN2JfNi0zLTEtMS0w_2b8933d5-f4c8-4d15-a118-664e5020efd9,
balance_sheet,other_current_assets,Other current assets,2019,1111.0,OtherAssetsCurrent,,,2019-09-01,0000909832-20-000017,2020-10-07,id3VybDovL2RvY3MudjEvZG9jOmQyYzdhMjdjYzQ1YTQzNDFhN2JkZjg4Yjk3MzlkMzhiL3NlYzpkMmM3YTI3Y2M0NWE0MzQxYTdiZGY4OGI5NzM5ZDM4Yl83OS9mcmFnOjQxZTU1ODI1ZjI5MDQ2ZTU5NjNhMDk0NTMzYjIxMzdhL3RhYmxlOmY3NzBmMmZlNGZlMTQzYTA5ODljYTZhNzZmZmZiYjdiL3RhYmxlcmFuZ2U6Zjc3MGYyZmU0ZmUxNDNhMDk4OWNhNmE3NmZmZmJiN2JfNy0zLTEtMS0w_bb16496c-3055-4acb-b967-385e9c90490e,https://www.sec.gov/Archives/edgar/data/909832/000090983220000017/cost-20200830.htm#id3VybDovL2RvY3MudjEvZG9jOmQyYzdhMjdjYzQ1YTQzNDFhN2JkZjg4Yjk3MzlkMzhiL3NlYzpkMmM3YTI3Y2M0NWE0MzQxYTdiZGY4OGI5NzM5ZDM4Yl83OS9mcmFnOjQxZTU1ODI1ZjI5MDQ2ZTU5NjNhMDk0NTMzYjIxMzdhL3RhYmxlOmY3NzBmMmZlNGZlMTQzYTA5ODljYTZhNzZmZmZiYjdiL3RhYmxlcmFuZ2U6Zjc3MGYyZmU0ZmUxNDNhMDk4OWNhNmE3NmZmZmJiN2JfNy0zLTEtMS0w_bb16496c-3055-4acb-b967-385e9c90490e,
balance_sheet,total_current_assets,Total current assets,2019,23485.0,AssetsCurrent,,,2019-09-01,0000909832-20-000017,2020-10-07,id3VybDovL2RvY3MudjEvZG9jOmQyYzdhMjdjYzQ1YTQzNDFhN2JkZjg4Yjk3MzlkMzhiL3NlYzpkMmM3YTI3Y2M0NWE0MzQxYTdiZGY4OGI5NzM5ZDM4Yl83OS9mcmFnOjQxZTU1ODI1ZjI5MDQ2ZTU5NjNhMDk0NTMzYjIxMzdhL3RhYmxlOmY3NzBmMmZlNGZlMTQzYTA5ODljYTZhNzZmZmZiYjdiL3RhYmxlcmFuZ2U6Zjc3MGYyZmU0ZmUxNDNhMDk4OWNhNmE3NmZmZmJiN2JfOC0zLTEtMS0w_86196619-b7e9-458b-96b4-b8462e1db633,https://www.sec.gov/Archives/edgar/data/909832/000090983220000017/cost-20200830.htm#id3VybDovL2RvY3MudjEvZG9jOmQyYzdhMjdjYzQ1YTQzNDFhN2JkZjg4Yjk3MzlkMzhiL3NlYzpkMmM3YTI3Y2M0NWE0MzQxYTdiZGY4OGI5NzM5ZDM4Yl83OS9mcmFnOjQxZTU1ODI1ZjI5MDQ2ZTU5NjNhMDk0NTMzYjIxMzdhL3RhYmxlOmY3NzBmMmZlNGZlMTQzYTA5ODljYTZhNzZmZmZiYjdiL3RhYmxlcmFuZ2U6Zjc3MGYyZmU0ZmUxNDNhMDk4OWNhNmE3NmZmZmJiN2JfOC0zLTEtMS0w_86196619-b7e9-458b-96b4-b8462e1db633,
balance_sheet,ppe_net,"Property and equipment, net",2019,20890.0,PropertyPlantAndEquipmentNet,,,2019-09-01,0000909832-20-000017,2020-10-07,id3VybDovL2RvY3MudjEvZG9jOmQyYzdhMjdjYzQ1YTQzNDFhN2JkZjg4Yjk3MzlkMzhiL3NlYzpkMmM3YTI3Y2M0NWE0MzQxYTdiZGY4OGI5NzM5ZDM4Yl83OS9mcmFnOjQxZTU1ODI1ZjI5MDQ2ZTU5NjNhMDk0NTMzYjIxMzdhL3RhYmxlOmY3NzBmMmZlNGZlMTQzYTA5ODljYTZhNzZmZmZiYjdiL3RhYmxlcmFuZ2U6Zjc3MGYyZmU0ZmUxNDNhMDk4OWNhNmE3NmZmZmJiN2JfMTAtMy0xLTEtMA_2a2fe3b7-62ae-44e4-9dc4-509888f311e1,https://www.sec.gov/Archives/edgar/data/909832/000090983220000017/cost-20200830.htm#id3VybDovL2RvY3MudjEvZG9jOmQyYzdhMjdjYzQ1YTQzNDFhN2JkZjg4Yjk3MzlkMzhiL3NlYzpkMmM3YTI3Y2M0NWE0MzQxYTdiZGY4OGI5NzM5ZDM4Yl83OS9mcmFnOjQxZTU1ODI1ZjI5MDQ2ZTU5NjNhMDk0NTMzYjIxMzdhL3RhYmxlOmY3NzBmMmZlNGZlMTQzYTA5ODljYTZhNzZmZmZiYjdiL3RhYmxlcmFuZ2U6Zjc3MGYyZmU0ZmUxNDNhMDk4OWNhNmE3NmZmZmJiN2JfMTAtMy0xLTEtMA_2a2fe3b7-62ae-44e4-9dc4-509888f311e1,
balance_sheet,operating_lease_rou,Operating lease right-of-use assets,2019,0.0,OperatingLeaseRightOfUseAsset,,,2019-09-01,0000909832-20-000017,2020-10-07,id3VybDovL2RvY3MudjEvZG9jOmQyYzdhMjdjYzQ1YTQzNDFhN2JkZjg4Yjk3MzlkMzhiL3NlYzpkMmM3YTI3Y2M0NWE0MzQxYTdiZGY4OGI5NzM5ZDM4Yl83OS9mcmFnOjQxZTU1ODI1ZjI5MDQ2ZTU5NjNhMDk0NTMzYjIxMzdhL3RhYmxlOmY3NzBmMmZlNGZlMTQzYTA5ODljYTZhNzZmZmZiYjdiL3RhYmxlcmFuZ2U6Zjc3MGYyZmU0ZmUxNDNhMDk4OWNhNmE3NmZmZmJiN2JfMTEtMy0xLTEtMA_55110187-4e7c-4401-9b1d-19942669cf85,https://www.sec.gov/Archives/edgar/data/909832/000090983220000017/cost-20200830.htm#id3VybDovL2RvY3MudjEvZG9jOmQyYzdhMjdjYzQ1YTQzNDFhN2JkZjg4Yjk3MzlkMzhiL3NlYzpkMmM3YTI3Y2M0NWE0MzQxYTdiZGY4OGI5NzM5ZDM4Yl83OS9mcmFnOjQxZTU1ODI1ZjI5MDQ2ZTU5NjNhMDk0NTMzYjIxMzdhL3RhYmxlOmY3NzBmMmZlNGZlMTQzYTA5ODljYTZhNzZmZmZiYjdiL3RhYmxlcmFuZ2U6Zjc3MGYyZmU0ZmUxNDNhMDk4OWNhNmE3NmZmZmJiN2JfMTEtMy0xLTEtMA_55110187-4e7c-4401-9b1d-19942669cf85,
balance_sheet,other_lt_assets,Other long-term assets,2019,1025.0,OtherAssetsNoncurrent,,,2019-09-01,0000909832-20-000017,2020-10-07,id3VybDovL2RvY3MudjEvZG9jOmQyYzdhMjdjYzQ1YTQzNDFhN2JkZjg4Yjk3MzlkMzhiL3NlYzpkMmM3YTI3Y2M0NWE0MzQxYTdiZGY4OGI5NzM5ZDM4Yl83OS9mcmFnOjQxZTU1ODI1ZjI5MDQ2ZTU5NjNhMDk0NTMzYjIxMzdhL3RhYmxlOmY3NzBmMmZlNGZlMTQzYTA5ODljYTZhNzZmZmZiYjdiL3RhYmxlcmFuZ2U6Zjc3MGYyZmU0ZmUxNDNhMDk4OWNhNmE3NmZmZmJiN2JfMTgtMy0xLTEtODAz_88e99d80-fa23-417c-a56c-1c8f7b8fd861,https://www.sec.gov/Archives/edgar/data/909832/000090983220000017/cost-20200830.htm#id3VybDovL2RvY3MudjEvZG9jOmQyYzdhMjdjYzQ1YTQzNDFhN2JkZjg4Yjk3MzlkMzhiL3NlYzpkMmM3YTI3Y2M0NWE0MzQxYTdiZGY4OGI5NzM5ZDM4Yl83OS9mcmFnOjQxZTU1ODI1ZjI5MDQ2ZTU5NjNhMDk0NTMzYjIxMzdhL3RhYmxlOmY3NzBmMmZlNGZlMTQzYTA5ODljYTZhNzZmZmZiYjdiL3RhYmxlcmFuZ2U6Zjc3MGYyZmU0ZmUxNDNhMDk4OWNhNmE3NmZmZmJiN2JfMTgtMy0xLTEtODAz_88e99d80-fa23-417c-a56c-1c8f7b8fd861,
balance_sheet,total_assets,Total assets,2019,45400.0,Assets,,,2019-09-01,0000909832-20-000017,2020-10-07,id3VybDovL2RvY3MudjEvZG9jOmQyYzdhMjdjYzQ1YTQzNDFhN2JkZjg4Yjk3MzlkMzhiL3NlYzpkMmM3YTI3Y2M0NWE0MzQxYTdiZGY4OGI5NzM5ZDM4Yl83OS9mcmFnOjQxZTU1ODI1ZjI5MDQ2ZTU5NjNhMDk0NTMzYjIxMzdhL3RhYmxlOmY3NzBmMmZlNGZlMTQzYTA5ODljYTZhNzZmZmZiYjdiL3RhYmxlcmFuZ2U6Zjc3MGYyZmU0ZmUxNDNhMDk4OWNhNmE3NmZmZmJiN2JfMTgtMy0xLTEtMA_131f2e10-f2c9-4dc7-b3cf-7841483d0d02,https://www.sec.gov/Archives/edgar/data/909832/000090983220000017/cost-20200830.htm#id3VybDovL2RvY3MudjEvZG9jOmQyYzdhMjdjYzQ1YTQzNDFhN2JkZjg4Yjk3MzlkMzhiL3NlYzpkMmM3YTI3Y2M0NWE0MzQxYTdiZGY4OGI5NzM5ZDM4Yl83OS9mcmFnOjQxZTU1ODI1ZjI5MDQ2ZTU5NjNhMDk0NTMzYjIxMzdhL3RhYmxlOmY3NzBmMmZlNGZlMTQzYTA5ODljYTZhNzZmZmZiYjdiL3RhYmxlcmFuZ2U6Zjc3MGYyZmU0ZmUxNDNhMDk4OWNhNmE3NmZmZmJiN2JfMTgtMy0xLTEtMA_131f2e10-f2c9-4dc7-b3cf-7841483d0d02,
balance_sheet,accounts_payable,Accounts payable,2019,11679.0,AccountsPayableCurrent,,,2019-09-01,0000909832-20-000017,2020-10-07,id3VybDovL2RvY3MudjEvZG9jOmQyYzdhMjdjYzQ1YTQzNDFhN2JkZjg4Yjk3MzlkMzhiL3NlYzpkMmM3YTI3Y2M0NWE0MzQxYTdiZGY4OGI5NzM5ZDM4Yl83OS9mcmFnOjQxZTU1ODI1ZjI5MDQ2ZTU5NjNhMDk0NTMzYjIxMzdhL3RhYmxlOmY3NzBmMmZlNGZlMTQzYTA5ODljYTZhNzZmZmZiYjdiL3RhYmxlcmFuZ2U6Zjc3MGYyZmU0ZmUxNDNhMDk4OWNhNmE3NmZmZmJiN2JfMjEtMy0xLTEtMA_c60d72b5-f4d0-4128-a8ff-a9ef1b5b2d38,https://www.sec.gov/Archives/edgar/data/909832/000090983220000017/cost-20200830.htm#id3VybDovL2RvY3MudjEvZG9jOmQyYzdhMjdjYzQ1YTQzNDFhN2JkZjg4Yjk3MzlkMzhiL3NlYzpkMmM3YTI3Y2M0NWE0MzQxYTdiZGY4OGI5NzM5ZDM4Yl83OS9mcmFnOjQxZTU1ODI1ZjI5MDQ2ZTU5NjNhMDk0NTMzYjIxMzdhL3RhYmxlOmY3NzBmMmZlNGZlMTQzYTA5ODljYTZhNzZmZmZiYjdiL3RhYmxlcmFuZ2U6Zjc3MGYyZmU0ZmUxNDNhMDk4OWNhNmE3NmZmZmJiN2JfMjEtMy0xLTEtMA_c60d72b5-f4d0-4128-a8ff-a9ef1b5b2d38,
balance_sheet,accrued_salaries,Accrued salaries and benefits,2019,3176.0,EmployeeRelatedLiabilitiesCurrent,,,2019-09-01,0000909832-20-000017,2020-10-07,id3VybDovL2RvY3MudjEvZG9jOmQyYzdhMjdjYzQ1YTQzNDFhN2JkZjg4Yjk3MzlkMzhiL3NlYzpkMmM3YTI3Y2M0NWE0MzQxYTdiZGY4OGI5NzM5ZDM4Yl83OS9mcmFnOjQxZTU1ODI1ZjI5MDQ2ZTU5NjNhMDk0NTMzYjIxMzdhL3RhYmxlOmY3NzBmMmZlNGZlMTQzYTA5ODljYTZhNzZmZmZiYjdiL3RhYmxlcmFuZ2U6Zjc3MGYyZmU0ZmUxNDNhMDk4OWNhNmE3NmZmZmJiN2JfMjItMy0xLTEtMA_017e91c1-8ba3-450a-b6e3-6016c4f6123f,https://www.sec.gov/Archives/edgar/data/909832/000090983220000017/cost-20200830.htm#id3VybDovL2RvY3MudjEvZG9jOmQyYzdhMjdjYzQ1YTQzNDFhN2JkZjg4Yjk3MzlkMzhiL3NlYzpkMmM3YTI3Y2M0NWE0MzQxYTdiZGY4OGI5NzM5ZDM4Yl83OS9mcmFnOjQxZTU1ODI1ZjI5MDQ2ZTU5NjNhMDk0NTMzYjIxMzdhL3RhYmxlOmY3NzBmMmZlNGZlMTQzYTA5ODljYTZhNzZmZmZiYjdiL3RhYmxlcmFuZ2U6Zjc3MGYyZmU0ZmUxNDNhMDk4OWNhNmE3NmZmZmJiN2JfMjItMy0xLTEtMA_017e91c1-8ba3-450a-b6e3-6016c4f6123f,
balance_sheet,accrued_member_rewards,Accrued member rewards,2019,1180.0,CustomerLoyaltyProgramLiabilityCurrent,,,2019-09-01,0000909832-20-000017,2020-10-07,id3VybDovL2RvY3MudjEvZG9jOmQyYzdhMjdjYzQ1YTQzNDFhN2JkZjg4Yjk3MzlkMzhiL3NlYzpkMmM3YTI3Y2M0NWE0MzQxYTdiZGY4OGI5NzM5ZDM4Yl83OS9mcmFnOjQxZTU1ODI1ZjI5MDQ2ZTU5NjNhMDk0NTMzYjIxMzdhL3RhYmxlOmY3NzBmMmZlNGZlMTQzYTA5ODljYTZhNzZmZmZiYjdiL3RhYmxlcmFuZ2U6Zjc3MGYyZmU0ZmUxNDNhMDk4OWNhNmE3NmZmZmJiN2JfMjMtMy0xLTEtMA_2c0206c1-dfe0-4b6c-b20f-2c3ebd3269e6,https://www.sec.gov/Archives/edgar/data/909832/000090983220000017/cost-20200830.htm#id3VybDovL2RvY3MudjEvZG9jOmQyYzdhMjdjYzQ1YTQzNDFhN2JkZjg4Yjk3MzlkMzhiL3NlYzpkMmM3YTI3Y2M0NWE0MzQxYTdiZGY4OGI5NzM5ZDM4Yl83OS9mcmFnOjQxZTU1ODI1ZjI5MDQ2ZTU5NjNhMDk0NTMzYjIxMzdhL3RhYmxlOmY3NzBmMmZlNGZlMTQzYTA5ODljYTZhNzZmZmZiYjdiL3RhYmxlcmFuZ2U6Zjc3MGYyZmU0ZmUxNDNhMDk4OWNhNmE3NmZmZmJiN2JfMjMtMy0xLTEtMA_2c0206c1-dfe0-4b6c-b20f-2c3ebd3269e6,
balance_sheet,deferred_membership_fees,Deferred membership fees,2019,1711.0,DeferredRevenueCurrent,,,2019-09-01,0000909832-20-000017,2020-10-07,id3VybDovL2RvY3MudjEvZG9jOmQyYzdhMjdjYzQ1YTQzNDFhN2JkZjg4Yjk3MzlkMzhiL3NlYzpkMmM3YTI3Y2M0NWE0MzQxYTdiZGY4OGI5NzM5ZDM4Yl83OS9mcmFnOjQxZTU1ODI1ZjI5MDQ2ZTU5NjNhMDk0NTMzYjIxMzdhL3RhYmxlOmY3NzBmMmZlNGZlMTQzYTA5ODljYTZhNzZmZmZiYjdiL3RhYmxlcmFuZ2U6Zjc3MGYyZmU0ZmUxNDNhMDk4OWNhNmE3NmZmZmJiN2JfMjQtMy0xLTEtMA_ef20d1ac-63b7-4bcb-b0ca-9fbea0579bb3,https://www.sec.gov/Archives/edgar/data/909832/000090983220000017/cost-20200830.htm#id3VybDovL2RvY3MudjEvZG9jOmQyYzdhMjdjYzQ1YTQzNDFhN2JkZjg4Yjk3MzlkMzhiL3NlYzpkMmM3YTI3Y2M0NWE0MzQxYTdiZGY4OGI5NzM5ZDM4Yl83OS9mcmFnOjQxZTU1ODI1ZjI5MDQ2ZTU5NjNhMDk0NTMzYjIxMzdhL3RhYmxlOmY3NzBmMmZlNGZlMTQzYTA5ODljYTZhNzZmZmZiYjdiL3RhYmxlcmFuZ2U6Zjc3MGYyZmU0ZmUxNDNhMDk4OWNhNmE3NmZmZmJiN2JfMjQtMy0xLTEtMA_ef20d1ac-63b7-4bcb-b0ca-9fbea0579bb3,
balance_sheet,current_debt,Current portion of long-term debt,2019,1699.0,LongTermDebtCurrent,,,2019-09-01,0000909832-20-000017,2020-10-07,id3VybDovL2RvY3MudjEvZG9jOmQyYzdhMjdjYzQ1YTQzNDFhN2JkZjg4Yjk3MzlkMzhiL3NlYzpkMmM3YTI3Y2M0NWE0MzQxYTdiZGY4OGI5NzM5ZDM4Yl83OS9mcmFnOjQxZTU1ODI1ZjI5MDQ2ZTU5NjNhMDk0NTMzYjIxMzdhL3RhYmxlOmY3NzBmMmZlNGZlMTQzYTA5ODljYTZhNzZmZmZiYjdiL3RhYmxlcmFuZ2U6Zjc3MGYyZmU0ZmUxNDNhMDk4OWNhNmE3NmZmZmJiN2JfMjUtMy0xLTEtMA_aafa4199-2351-4d06-9dfb-d43b2e51e89f,https://www.sec.gov/Archives/edgar/data/909832/000090983220000017/cost-20200830.htm#id3VybDovL2RvY3MudjEvZG9jOmQyYzdhMjdjYzQ1YTQzNDFhN2JkZjg4Yjk3MzlkMzhiL3NlYzpkMmM3YTI3Y2M0NWE0MzQxYTdiZGY4OGI5NzM5ZDM4Yl83OS9mcmFnOjQxZTU1ODI1ZjI5MDQ2ZTU5NjNhMDk0NTMzYjIxMzdhL3RhYmxlOmY3NzBmMmZlNGZlMTQzYTA5ODljYTZhNzZmZmZiYjdiL3RhYmxlcmFuZ2U6Zjc3MGYyZmU0ZmUxNDNhMDk4OWNhNmE3NmZmZmJiN2JfMjUtMy0xLTEtMA_aafa4199-2351-4d06-9dfb-d43b2e51e89f,
balance_sheet,other_current_liabilities,Other current liabilities,2019,3792.0,OtherLiabilitiesCurrent,,,2019-09-01,0000909832-20-000017,2020-10-07,id3VybDovL2RvY3MudjEvZG9jOmQyYzdhMjdjYzQ1YTQzNDFhN2JkZjg4Yjk3MzlkMzhiL3NlYzpkMmM3YTI3Y2M0NWE0MzQxYTdiZGY4OGI5NzM5ZDM4Yl83OS9mcmFnOjQxZTU1ODI1ZjI5MDQ2ZTU5NjNhMDk0NTMzYjIxMzdhL3RhYmxlOmY3NzBmMmZlNGZlMTQzYTA5ODljYTZhNzZmZmZiYjdiL3RhYmxlcmFuZ2U6Zjc3MGYyZmU0ZmUxNDNhMDk4OWNhNmE3NmZmZmJiN2JfMjYtMy0xLTEtMA_70d72ef2-b0ef-4244-bbc7-e97f6ddc4de0,https://www.sec.gov/Archives/edgar/data/909832/000090983220000017/cost-20200830.htm#id3VybDovL2RvY3MudjEvZG9jOmQyYzdhMjdjYzQ1YTQzNDFhN2JkZjg4Yjk3MzlkMzhiL3NlYzpkMmM3YTI3Y2M0NWE0MzQxYTdiZGY4OGI5NzM5ZDM4Yl83OS9mcmFnOjQxZTU1ODI1ZjI5MDQ2ZTU5NjNhMDk0NTMzYjIxMzdhL3RhYmxlOmY3NzBmMmZlNGZlMTQzYTA5ODljYTZhNzZmZmZiYjdiL3RhYmxlcmFuZ2U6Zjc3MGYyZmU0ZmUxNDNhMDk4OWNhNmE3NmZmZmJiN2JfMjYtMy0xLTEtMA_70d72ef2-b0ef-4244-bbc7-e97f6ddc4de0,
balance_sheet,total_current_liabilities,Total current liabilities,2019,23237.0,LiabilitiesCurrent,,,2019-09-01,0000909832-20-000017,2020-10-07,id3VybDovL2RvY3MudjEvZG9jOmQyYzdhMjdjYzQ1YTQzNDFhN2JkZjg4Yjk3MzlkMzhiL3NlYzpkMmM3YTI3Y2M0NWE0MzQxYTdiZGY4OGI5NzM5ZDM4Yl83OS9mcmFnOjQxZTU1ODI1ZjI5MDQ2ZTU5NjNhMDk0NTMzYjIxMzdhL3RhYmxlOmY3NzBmMmZlNGZlMTQzYTA5ODljYTZhNzZmZmZiYjdiL3RhYmxlcmFuZ2U6Zjc3MGYyZmU0ZmUxNDNhMDk4OWNhNmE3NmZmZmJiN2JfMjctMy0xLTEtMA_0b993a64-fa65-458e-af73-cc95b4ab859e,https://www.sec.gov/Archives/edgar/data/909832/000090983220000017/cost-20200830.htm#id3VybDovL2RvY3MudjEvZG9jOmQyYzdhMjdjYzQ1YTQzNDFhN2JkZjg4Yjk3MzlkMzhiL3NlYzpkMmM3YTI3Y2M0NWE0MzQxYTdiZGY4OGI5NzM5ZDM4Yl83OS9mcmFnOjQxZTU1ODI1ZjI5MDQ2ZTU5NjNhMDk0NTMzYjIxMzdhL3RhYmxlOmY3NzBmMmZlNGZlMTQzYTA5ODljYTZhNzZmZmZiYjdiL3RhYmxlcmFuZ2U6Zjc3MGYyZmU0ZmUxNDNhMDk4OWNhNmE3NmZmZmJiN2JfMjctMy0xLTEtMA_0b993a64-fa65-458e-af73-cc95b4ab859e,
balance_sheet,long_term_debt,"Long-term debt, excluding current portion",2019,5124.0,LongTermDebtNoncurrent,,,2019-09-01,0000909832-20-000017,2020-10-07,id3VybDovL2RvY3MudjEvZG9jOmQyYzdhMjdjYzQ1YTQzNDFhN2JkZjg4Yjk3MzlkMzhiL3NlYzpkMmM3YTI3Y2M0NWE0MzQxYTdiZGY4OGI5NzM5ZDM4Yl83OS9mcmFnOjQxZTU1ODI1ZjI5MDQ2ZTU5NjNhMDk0NTMzYjIxMzdhL3RhYmxlOmY3NzBmMmZlNGZlMTQzYTA5ODljYTZhNzZmZmZiYjdiL3RhYmxlcmFuZ2U6Zjc3MGYyZmU0ZmUxNDNhMDk4OWNhNmE3NmZmZmJiN2JfMzEtMy0xLTEtODc0_73491ea0-948c-4d9f-ae64-cd5e38967a40,https://www.sec.gov/Archives/edgar/data/909832/000090983220000017/cost-20200830.htm#id3VybDovL2RvY3MudjEvZG9jOmQyYzdhMjdjYzQ1YTQzNDFhN2JkZjg4Yjk3MzlkMzhiL3NlYzpkMmM3YTI3Y2M0NWE0MzQxYTdiZGY4OGI5NzM5ZDM4Yl83OS9mcmFnOjQxZTU1ODI1ZjI5MDQ2ZTU5NjNhMDk0NTMzYjIxMzdhL3RhYmxlOmY3NzBmMmZlNGZlMTQzYTA5ODljYTZhNzZmZmZiYjdiL3RhYmxlcmFuZ2U6Zjc3MGYyZmU0ZmUxNDNhMDk4OWNhNmE3NmZmZmJiN2JfMzEtMy0xLTEtODc0_73491ea0-948c-4d9f-ae64-cd5e38967a40,
balance_sheet,lt_operating_lease_liab,Long-term operating lease liabilities,2019,0.0,OperatingLeaseLiabilityNoncurrent,,,2019-09-01,0000909832-20-000017,2020-10-07,id3VybDovL2RvY3MudjEvZG9jOmQyYzdhMjdjYzQ1YTQzNDFhN2JkZjg4Yjk3MzlkMzhiL3NlYzpkMmM3YTI3Y2M0NWE0MzQxYTdiZGY4OGI5NzM5ZDM4Yl83OS9mcmFnOjQxZTU1ODI1ZjI5MDQ2ZTU5NjNhMDk0NTMzYjIxMzdhL3RhYmxlOmY3NzBmMmZlNGZlMTQzYTA5ODljYTZhNzZmZmZiYjdiL3RhYmxlcmFuZ2U6Zjc3MGYyZmU0ZmUxNDNhMDk4OWNhNmE3NmZmZmJiN2JfMzEtMy0xLTEtOTE2_b9e2e9ef-8443-4c65-9204-933a8be5256f,https://www.sec.gov/Archives/edgar/data/909832/000090983220000017/cost-20200830.htm#id3VybDovL2RvY3MudjEvZG9jOmQyYzdhMjdjYzQ1YTQzNDFhN2JkZjg4Yjk3MzlkMzhiL3NlYzpkMmM3YTI3Y2M0NWE0MzQxYTdiZGY4OGI5NzM5ZDM4Yl83OS9mcmFnOjQxZTU1ODI1ZjI5MDQ2ZTU5NjNhMDk0NTMzYjIxMzdhL3RhYmxlOmY3NzBmMmZlNGZlMTQzYTA5ODljYTZhNzZmZmZiYjdiL3RhYmxlcmFuZ2U6Zjc3MGYyZmU0ZmUxNDNhMDk4OWNhNmE3NmZmZmJiN2JfMzEtMy0xLTEtOTE2_b9e2e9ef-8443-4c65-9204-933a8be5256f,
balance_sheet,other_lt_liabilities,Other long-term liabilities,2019,1455.0,OtherLiabilitiesNoncurrent,,,2019-09-01,0000909832-20-000017,2020-10-07,id3VybDovL2RvY3MudjEvZG9jOmQyYzdhMjdjYzQ1YTQzNDFhN2JkZjg4Yjk3MzlkMzhiL3NlYzpkMmM3YTI3Y2M0NWE0MzQxYTdiZGY4OGI5NzM5ZDM4Yl83OS9mcmFnOjQxZTU1ODI1ZjI5MDQ2ZTU5NjNhMDk0NTMzYjIxMzdhL3RhYmxlOmY3NzBmMmZlNGZlMTQzYTA5ODljYTZhNzZmZmZiYjdiL3RhYmxlcmFuZ2U6Zjc3MGYyZmU0ZmUxNDNhMDk4OWNhNmE3NmZmZmJiN2JfMzItMy0xLTEtOTE2_8f3e041a-5fa4-48a6-9791-1d34a159e350,https://www.sec.gov/Archives/edgar/data/909832/000090983220000017/cost-20200830.htm#id3VybDovL2RvY3MudjEvZG9jOmQyYzdhMjdjYzQ1YTQzNDFhN2JkZjg4Yjk3MzlkMzhiL3NlYzpkMmM3YTI3Y2M0NWE0MzQxYTdiZGY4OGI5NzM5ZDM4Yl83OS9mcmFnOjQxZTU1ODI1ZjI5MDQ2ZTU5NjNhMDk0NTMzYjIxMzdhL3RhYmxlOmY3NzBmMmZlNGZlMTQzYTA5ODljYTZhNzZmZmZiYjdiL3RhYmxlcmFuZ2U6Zjc3MGYyZmU0ZmUxNDNhMDk4OWNhNmE3NmZmZmJiN2JfMzItMy0xLTEtOTE2_8f3e041a-5fa4-48a6-9791-1d34a159e350,
balance_sheet,total_liabilities,Total liabilities,2019,29816.0,Liabilities,,,2019-09-01,0000909832-20-000017,2020-10-07,id3VybDovL2RvY3MudjEvZG9jOmQyYzdhMjdjYzQ1YTQzNDFhN2JkZjg4Yjk3MzlkMzhiL3NlYzpkMmM3YTI3Y2M0NWE0MzQxYTdiZGY4OGI5NzM5ZDM4Yl83OS9mcmFnOjQxZTU1ODI1ZjI5MDQ2ZTU5NjNhMDk0NTMzYjIxMzdhL3RhYmxlOmY3NzBmMmZlNGZlMTQzYTA5ODljYTZhNzZmZmZiYjdiL3RhYmxlcmFuZ2U6Zjc3MGYyZmU0ZmUxNDNhMDk4OWNhNmE3NmZmZmJiN2JfMzAtMy0xLTEtMA_9b9c0353-4cac-410c-afc9-de425af246e8,https://www.sec.gov/Archives/edgar/data/909832/000090983220000017/cost-20200830.htm#id3VybDovL2RvY3MudjEvZG9jOmQyYzdhMjdjYzQ1YTQzNDFhN2JkZjg4Yjk3MzlkMzhiL3NlYzpkMmM3YTI3Y2M0NWE0MzQxYTdiZGY4OGI5NzM5ZDM4Yl83OS9mcmFnOjQxZTU1ODI1ZjI5MDQ2ZTU5NjNhMDk0NTMzYjIxMzdhL3RhYmxlOmY3NzBmMmZlNGZlMTQzYTA5ODljYTZhNzZmZmZiYjdiL3RhYmxlcmFuZ2U6Zjc3MGYyZmU0ZmUxNDNhMDk4OWNhNmE3NmZmZmJiN2JfMzAtMy0xLTEtMA_9b9c0353-4cac-410c-afc9-de425af246e8,
balance_sheet,costco_equity,Total Costco stockholders' equity,2019,15243.0,StockholdersEquity,,,2019-09-01,0000909832-20-000017,2020-10-07,id3VybDovL2RvY3MudjEvZG9jOmQyYzdhMjdjYzQ1YTQzNDFhN2JkZjg4Yjk3MzlkMzhiL3NlYzpkMmM3YTI3Y2M0NWE0MzQxYTdiZGY4OGI5NzM5ZDM4Yl83OS9mcmFnOjQxZTU1ODI1ZjI5MDQ2ZTU5NjNhMDk0NTMzYjIxMzdhL3RhYmxlOmY3NzBmMmZlNGZlMTQzYTA5ODljYTZhNzZmZmZiYjdiL3RhYmxlcmFuZ2U6Zjc3MGYyZmU0ZmUxNDNhMDk4OWNhNmE3NmZmZmJiN2JfMzgtMy0xLTEtMA_4814853e-5815-4df5-97a9-87b7380987dc,https://www.sec.gov/Archives/edgar/data/909832/000090983220000017/cost-20200830.htm#id3VybDovL2RvY3MudjEvZG9jOmQyYzdhMjdjYzQ1YTQzNDFhN2JkZjg4Yjk3MzlkMzhiL3NlYzpkMmM3YTI3Y2M0NWE0MzQxYTdiZGY4OGI5NzM5ZDM4Yl83OS9mcmFnOjQxZTU1ODI1ZjI5MDQ2ZTU5NjNhMDk0NTMzYjIxMzdhL3RhYmxlOmY3NzBmMmZlNGZlMTQzYTA5ODljYTZhNzZmZmZiYjdiL3RhYmxlcmFuZ2U6Zjc3MGYyZmU0ZmUxNDNhMDk4OWNhNmE3NmZmZmJiN2JfMzgtMy0xLTEtMA_4814853e-5815-4df5-97a9-87b7380987dc,
balance_sheet,nci,Noncontrolling interests,2019,341.0,MinorityInterest,,,2019-09-01,0000909832-20-000017,2020-10-07,id3VybDovL2RvY3MudjEvZG9jOmQyYzdhMjdjYzQ1YTQzNDFhN2JkZjg4Yjk3MzlkMzhiL3NlYzpkMmM3YTI3Y2M0NWE0MzQxYTdiZGY4OGI5NzM5ZDM4Yl83OS9mcmFnOjQxZTU1ODI1ZjI5MDQ2ZTU5NjNhMDk0NTMzYjIxMzdhL3RhYmxlOmY3NzBmMmZlNGZlMTQzYTA5ODljYTZhNzZmZmZiYjdiL3RhYmxlcmFuZ2U6Zjc3MGYyZmU0ZmUxNDNhMDk4OWNhNmE3NmZmZmJiN2JfMzktMy0xLTEtMA_c07f880e-e537-46ce-b7da-4f865852c609,https://www.sec.gov/Archives/edgar/data/909832/000090983220000017/cost-20200830.htm#id3VybDovL2RvY3MudjEvZG9jOmQyYzdhMjdjYzQ1YTQzNDFhN2JkZjg4Yjk3MzlkMzhiL3NlYzpkMmM3YTI3Y2M0NWE0MzQxYTdiZGY4OGI5NzM5ZDM4Yl83OS9mcmFnOjQxZTU1ODI1ZjI5MDQ2ZTU5NjNhMDk0NTMzYjIxMzdhL3RhYmxlOmY3NzBmMmZlNGZlMTQzYTA5ODljYTZhNzZmZmZiYjdiL3RhYmxlcmFuZ2U6Zjc3MGYyZmU0ZmUxNDNhMDk4OWNhNmE3NmZmZmJiN2JfMzktMy0xLTEtMA_c07f880e-e537-46ce-b7da-4f865852c609,
balance_sheet,total_equity,Total equity,2019,15584.0,StockholdersEquityIncludingPortionAttributableToNoncontrollingInterest,,,2019-09-01,0000909832-20-000017,2020-10-07,id3VybDovL2RvY3MudjEvZG9jOmQyYzdhMjdjYzQ1YTQzNDFhN2JkZjg4Yjk3MzlkMzhiL3NlYzpkMmM3YTI3Y2M0NWE0MzQxYTdiZGY4OGI5NzM5ZDM4Yl83OS9mcmFnOjQxZTU1ODI1ZjI5MDQ2ZTU5NjNhMDk0NTMzYjIxMzdhL3RhYmxlOmY3NzBmMmZlNGZlMTQzYTA5ODljYTZhNzZmZmZiYjdiL3RhYmxlcmFuZ2U6Zjc3MGYyZmU0ZmUxNDNhMDk4OWNhNmE3NmZmZmJiN2JfNDAtMy0xLTEtMA_e0053847-4c16-4aaa-8917-5e31d98610f2,https://www.sec.gov/Archives/edgar/data/909832/000090983220000017/cost-20200830.htm#id3VybDovL2RvY3MudjEvZG9jOmQyYzdhMjdjYzQ1YTQzNDFhN2JkZjg4Yjk3MzlkMzhiL3NlYzpkMmM3YTI3Y2M0NWE0MzQxYTdiZGY4OGI5NzM5ZDM4Yl83OS9mcmFnOjQxZTU1ODI1ZjI5MDQ2ZTU5NjNhMDk0NTMzYjIxMzdhL3RhYmxlOmY3NzBmMmZlNGZlMTQzYTA5ODljYTZhNzZmZmZiYjdiL3RhYmxlcmFuZ2U6Zjc3MGYyZmU0ZmUxNDNhMDk4OWNhNmE3NmZmZmJiN2JfNDAtMy0xLTEtMA_e0053847-4c16-4aaa-8917-5e31d98610f2,
balance_sheet,total_liabilities_equity,Total liabilities and equity,2019,45400.0,LiabilitiesAndStockholdersEquity,,,2019-09-01,0000909832-20-000017,2020-10-07,id3VybDovL2RvY3MudjEvZG9jOmQyYzdhMjdjYzQ1YTQzNDFhN2JkZjg4Yjk3MzlkMzhiL3NlYzpkMmM3YTI3Y2M0NWE0MzQxYTdiZGY4OGI5NzM5ZDM4Yl83OS9mcmFnOjQxZTU1ODI1ZjI5MDQ2ZTU5NjNhMDk0NTMzYjIxMzdhL3RhYmxlOmY3NzBmMmZlNGZlMTQzYTA5ODljYTZhNzZmZmZiYjdiL3RhYmxlcmFuZ2U6Zjc3MGYyZmU0ZmUxNDNhMDk4OWNhNmE3NmZmZmJiN2JfNDEtMy0xLTEtMA_83525a35-b552-4e65-9cce-b33f49ace886,https://www.sec.gov/Archives/edgar/data/909832/000090983220000017/cost-20200830.htm#id3VybDovL2RvY3MudjEvZG9jOmQyYzdhMjdjYzQ1YTQzNDFhN2JkZjg4Yjk3MzlkMzhiL3NlYzpkMmM3YTI3Y2M0NWE0MzQxYTdiZGY4OGI5NzM5ZDM4Yl83OS9mcmFnOjQxZTU1ODI1ZjI5MDQ2ZTU5NjNhMDk0NTMzYjIxMzdhL3RhYmxlOmY3NzBmMmZlNGZlMTQzYTA5ODljYTZhNzZmZmZiYjdiL3RhYmxlcmFuZ2U6Zjc3MGYyZmU0ZmUxNDNhMDk4OWNhNmE3NmZmZmJiN2JfNDEtMy0xLTEtMA_83525a35-b552-4e65-9cce-b33f49ace886,
balance_sheet,shares_outstanding,Common shares outstanding (m),2019,439.625,CommonStockSharesOutstanding,,,2019-09-01,0000909832-20-000017,2020-10-07,id3VybDovL2RvY3MudjEvZG9jOmQyYzdhMjdjYzQ1YTQzNDFhN2JkZjg4Yjk3MzlkMzhiL3NlYzpkMmM3YTI3Y2M0NWE0MzQxYTdiZGY4OGI5NzM5ZDM4Yl84Mi9mcmFnOjI4OWIxZDU4YTllMDRkMTJiNmI3ODhjNTUyNDE5ZWE1L3RhYmxlOjBmNDYxYWEzODA4OTQ5NzliYjcwYzc2NTdlYWQxY2ZlL3RhYmxlcmFuZ2U6MGY0NjFhYTM4MDg5NDk3OWJiNzBjNzY1N2VhZDFjZmVfOS0yLTEtMS0w_8bb843b2-94ee-455b-9a14-17b9bfea2968,https://www.sec.gov/Archives/edgar/data/909832/000090983220000017/cost-20200830.htm#id3VybDovL2RvY3MudjEvZG9jOmQyYzdhMjdjYzQ1YTQzNDFhN2JkZjg4Yjk3MzlkMzhiL3NlYzpkMmM3YTI3Y2M0NWE0MzQxYTdiZGY4OGI5NzM5ZDM4Yl84Mi9mcmFnOjI4OWIxZDU4YTllMDRkMTJiNmI3ODhjNTUyNDE5ZWE1L3RhYmxlOjBmNDYxYWEzODA4OTQ5NzliYjcwYzc2NTdlYWQxY2ZlL3RhYmxlcmFuZ2U6MGY0NjFhYTM4MDg5NDk3OWJiNzBjNzY1N2VhZDFjZmVfOS0yLTEtMS0w_8bb843b2-94ee-455b-9a14-17b9bfea2968,
balance_sheet,cash,Cash and cash equivalents,2020,12277.0,CashAndCashEquivalentsAtCarryingValue,,,2020-08-30,0000909832-21-000014,2021-10-06,id3VybDovL2RvY3MudjEvZG9jOmU1OGRhYTJkOGIzMjQ3YzZiZmQ4YzVlYTBhZTRhMzRlL3NlYzplNThkYWEyZDhiMzI0N2M2YmZkOGM1ZWEwYWU0YTM0ZV84OC9mcmFnOjZlNzEzMjg4Y2UyNjQ4OTdiY2I5ZTkzYzMxNzdjMDE1L3RhYmxlOmVmNmQzNjNjZWUzZDRkNmJiMTE1NDE3YjFhNWZjN2IxL3RhYmxlcmFuZ2U6ZWY2ZDM2M2NlZTNkNGQ2YmIxMTU0MTdiMWE1ZmM3YjFfMy0zLTEtMS0w_8710e650-1349-4281-a945-85fac54341bb,https://www.sec.gov/Archives/edgar/data/909832/000090983221000014/cost-20210829.htm#id3VybDovL2RvY3MudjEvZG9jOmU1OGRhYTJkOGIzMjQ3YzZiZmQ4YzVlYTBhZTRhMzRlL3NlYzplNThkYWEyZDhiMzI0N2M2YmZkOGM1ZWEwYWU0YTM0ZV84OC9mcmFnOjZlNzEzMjg4Y2UyNjQ4OTdiY2I5ZTkzYzMxNzdjMDE1L3RhYmxlOmVmNmQzNjNjZWUzZDRkNmJiMTE1NDE3YjFhNWZjN2IxL3RhYmxlcmFuZ2U6ZWY2ZDM2M2NlZTNkNGQ2YmIxMTU0MTdiMWE1ZmM3YjFfMy0zLTEtMS0w_8710e650-1349-4281-a945-85fac54341bb,
balance_sheet,short_term_investments,Short-term investments,2020,1028.0,ShortTermInvestments,,,2020-08-30,0000909832-21-000014,2021-10-06,id3VybDovL2RvY3MudjEvZG9jOmU1OGRhYTJkOGIzMjQ3YzZiZmQ4YzVlYTBhZTRhMzRlL3NlYzplNThkYWEyZDhiMzI0N2M2YmZkOGM1ZWEwYWU0YTM0ZV84OC9mcmFnOjZlNzEzMjg4Y2UyNjQ4OTdiY2I5ZTkzYzMxNzdjMDE1L3RhYmxlOmVmNmQzNjNjZWUzZDRkNmJiMTE1NDE3YjFhNWZjN2IxL3RhYmxlcmFuZ2U6ZWY2ZDM2M2NlZTNkNGQ2YmIxMTU0MTdiMWE1ZmM3YjFfNC0zLTEtMS0w_c6a5895d-93ad-401e-90ed-4e69272f1ab3,https://www.sec.gov/Archives/edgar/data/909832/000090983221000014/cost-20210829.htm#id3VybDovL2RvY3MudjEvZG9jOmU1OGRhYTJkOGIzMjQ3YzZiZmQ4YzVlYTBhZTRhMzRlL3NlYzplNThkYWEyZDhiMzI0N2M2YmZkOGM1ZWEwYWU0YTM0ZV84OC9mcmFnOjZlNzEzMjg4Y2UyNjQ4OTdiY2I5ZTkzYzMxNzdjMDE1L3RhYmxlOmVmNmQzNjNjZWUzZDRkNmJiMTE1NDE3YjFhNWZjN2IxL3RhYmxlcmFuZ2U6ZWY2ZDM2M2NlZTNkNGQ2YmIxMTU0MTdiMWE1ZmM3YjFfNC0zLTEtMS0w_c6a5895d-93ad-401e-90ed-4e69272f1ab3,
balance_sheet,receivables,"Receivables, net",2020,1550.0,ReceivablesNetCurrent,,,2020-08-30,0000909832-21-000014,2021-10-06,id3VybDovL2RvY3MudjEvZG9jOmU1OGRhYTJkOGIzMjQ3YzZiZmQ4YzVlYTBhZTRhMzRlL3NlYzplNThkYWEyZDhiMzI0N2M2YmZkOGM1ZWEwYWU0YTM0ZV84OC9mcmFnOjZlNzEzMjg4Y2UyNjQ4OTdiY2I5ZTkzYzMxNzdjMDE1L3RhYmxlOmVmNmQzNjNjZWUzZDRkNmJiMTE1NDE3YjFhNWZjN2IxL3RhYmxlcmFuZ2U6ZWY2ZDM2M2NlZTNkNGQ2YmIxMTU0MTdiMWE1ZmM3YjFfNS0zLTEtMS0w_dd476ec9-1719-4f1a-8dd2-f3219e6ae007,https://www.sec.gov/Archives/edgar/data/909832/000090983221000014/cost-20210829.htm#id3VybDovL2RvY3MudjEvZG9jOmU1OGRhYTJkOGIzMjQ3YzZiZmQ4YzVlYTBhZTRhMzRlL3NlYzplNThkYWEyZDhiMzI0N2M2YmZkOGM1ZWEwYWU0YTM0ZV84OC9mcmFnOjZlNzEzMjg4Y2UyNjQ4OTdiY2I5ZTkzYzMxNzdjMDE1L3RhYmxlOmVmNmQzNjNjZWUzZDRkNmJiMTE1NDE3YjFhNWZjN2IxL3RhYmxlcmFuZ2U6ZWY2ZDM2M2NlZTNkNGQ2YmIxMTU0MTdiMWE1ZmM3YjFfNS0zLTEtMS0w_dd476ec9-1719-4f1a-8dd2-f3219e6ae007,
balance_sheet,inventories,Merchandise inventories,2020,12242.0,InventoryNet,,,2020-08-30,0000909832-21-000014,2021-10-06,id3VybDovL2RvY3MudjEvZG9jOmU1OGRhYTJkOGIzMjQ3YzZiZmQ4YzVlYTBhZTRhMzRlL3NlYzplNThkYWEyZDhiMzI0N2M2YmZkOGM1ZWEwYWU0YTM0ZV84OC9mcmFnOjZlNzEzMjg4Y2UyNjQ4OTdiY2I5ZTkzYzMxNzdjMDE1L3RhYmxlOmVmNmQzNjNjZWUzZDRkNmJiMTE1NDE3YjFhNWZjN2IxL3RhYmxlcmFuZ2U6ZWY2ZDM2M2NlZTNkNGQ2YmIxMTU0MTdiMWE1ZmM3YjFfNi0zLTEtMS0w_2560cd80-8ca7-4a98-a8f4-c7c092aa99c7,https://www.sec.gov/Archives/edgar/data/909832/000090983221000014/cost-20210829.htm#id3VybDovL2RvY3MudjEvZG9jOmU1OGRhYTJkOGIzMjQ3YzZiZmQ4YzVlYTBhZTRhMzRlL3NlYzplNThkYWEyZDhiMzI0N2M2YmZkOGM1ZWEwYWU0YTM0ZV84OC9mcmFnOjZlNzEzMjg4Y2UyNjQ4OTdiY2I5ZTkzYzMxNzdjMDE1L3RhYmxlOmVmNmQzNjNjZWUzZDRkNmJiMTE1NDE3YjFhNWZjN2IxL3RhYmxlcmFuZ2U6ZWY2ZDM2M2NlZTNkNGQ2YmIxMTU0MTdiMWE1ZmM3YjFfNi0zLTEtMS0w_2560cd80-8ca7-4a98-a8f4-c7c092aa99c7,
balance_sheet,other_current_assets,Other current assets,2020,1023.0,OtherAssetsCurrent,,,2020-08-30,0000909832-21-000014,2021-10-06,id3VybDovL2RvY3MudjEvZG9jOmU1OGRhYTJkOGIzMjQ3YzZiZmQ4YzVlYTBhZTRhMzRlL3NlYzplNThkYWEyZDhiMzI0N2M2YmZkOGM1ZWEwYWU0YTM0ZV84OC9mcmFnOjZlNzEzMjg4Y2UyNjQ4OTdiY2I5ZTkzYzMxNzdjMDE1L3RhYmxlOmVmNmQzNjNjZWUzZDRkNmJiMTE1NDE3YjFhNWZjN2IxL3RhYmxlcmFuZ2U6ZWY2ZDM2M2NlZTNkNGQ2YmIxMTU0MTdiMWE1ZmM3YjFfNy0zLTEtMS0w_4a87d185-a58f-47b7-8b61-ec25913ff0ba,https://www.sec.gov/Archives/edgar/data/909832/000090983221000014/cost-20210829.htm#id3VybDovL2RvY3MudjEvZG9jOmU1OGRhYTJkOGIzMjQ3YzZiZmQ4YzVlYTBhZTRhMzRlL3NlYzplNThkYWEyZDhiMzI0N2M2YmZkOGM1ZWEwYWU0YTM0ZV84OC9mcmFnOjZlNzEzMjg4Y2UyNjQ4OTdiY2I5ZTkzYzMxNzdjMDE1L3RhYmxlOmVmNmQzNjNjZWUzZDRkNmJiMTE1NDE3YjFhNWZjN2IxL3RhYmxlcmFuZ2U6ZWY2ZDM2M2NlZTNkNGQ2YmIxMTU0MTdiMWE1ZmM3YjFfNy0zLTEtMS0w_4a87d185-a58f-47b7-8b61-ec25913ff0ba,
balance_sheet,total_current_assets,Total current assets,2020,28120.0,AssetsCurrent,,,2020-08-30,0000909832-21-000014,2021-10-06,id3VybDovL2RvY3MudjEvZG9jOmU1OGRhYTJkOGIzMjQ3YzZiZmQ4YzVlYTBhZTRhMzRlL3NlYzplNThkYWEyZDhiMzI0N2M2YmZkOGM1ZWEwYWU0YTM0ZV84OC9mcmFnOjZlNzEzMjg4Y2UyNjQ4OTdiY2I5ZTkzYzMxNzdjMDE1L3RhYmxlOmVmNmQzNjNjZWUzZDRkNmJiMTE1NDE3YjFhNWZjN2IxL3RhYmxlcmFuZ2U6ZWY2ZDM2M2NlZTNkNGQ2YmIxMTU0MTdiMWE1ZmM3YjFfOC0zLTEtMS0w_dcf7971b-4244-4739-91e6-dd9d0225ea35,https://www.sec.gov/Archives/edgar/data/909832/000090983221000014/cost-20210829.htm#id3VybDovL2RvY3MudjEvZG9jOmU1OGRhYTJkOGIzMjQ3YzZiZmQ4YzVlYTBhZTRhMzRlL3NlYzplNThkYWEyZDhiMzI0N2M2YmZkOGM1ZWEwYWU0YTM0ZV84OC9mcmFnOjZlNzEzMjg4Y2UyNjQ4OTdiY2I5ZTkzYzMxNzdjMDE1L3RhYmxlOmVmNmQzNjNjZWUzZDRkNmJiMTE1NDE3YjFhNWZjN2IxL3RhYmxlcmFuZ2U6ZWY2ZDM2M2NlZTNkNGQ2YmIxMTU0MTdiMWE1ZmM3YjFfOC0zLTEtMS0w_dcf7971b-4244-4739-91e6-dd9d0225ea35,
balance_sheet,ppe_net,"Property and equipment, net",2020,21807.0,PropertyPlantAndEquipmentNet,,,2020-08-30,0000909832-21-000014,2021-10-06,id3VybDovL2RvY3MudjEvZG9jOmU1OGRhYTJkOGIzMjQ3YzZiZmQ4YzVlYTBhZTRhMzRlL3NlYzplNThkYWEyZDhiMzI0N2M2YmZkOGM1ZWEwYWU0YTM0ZV84OC9mcmFnOjZlNzEzMjg4Y2UyNjQ4OTdiY2I5ZTkzYzMxNzdjMDE1L3RhYmxlOmVmNmQzNjNjZWUzZDRkNmJiMTE1NDE3YjFhNWZjN2IxL3RhYmxlcmFuZ2U6ZWY2ZDM2M2NlZTNkNGQ2YmIxMTU0MTdiMWE1ZmM3YjFfMTAtMy0xLTEtMA_ac2c5042-5b7e-4c92-a2bb-0aa9ac5d295e,https://www.sec.gov/Archives/edgar/data/909832/000090983221000014/cost-20210829.htm#id3VybDovL2RvY3MudjEvZG9jOmU1OGRhYTJkOGIzMjQ3YzZiZmQ4YzVlYTBhZTRhMzRlL3NlYzplNThkYWEyZDhiMzI0N2M2YmZkOGM1ZWEwYWU0YTM0ZV84OC9mcmFnOjZlNzEzMjg4Y2UyNjQ4OTdiY2I5ZTkzYzMxNzdjMDE1L3RhYmxlOmVmNmQzNjNjZWUzZDRkNmJiMTE1NDE3YjFhNWZjN2IxL3RhYmxlcmFuZ2U6ZWY2ZDM2M2NlZTNkNGQ2YmIxMTU0MTdiMWE1ZmM3YjFfMTAtMy0xLTEtMA_ac2c5042-5b7e-4c92-a2bb-0aa9ac5d295e,
balance_sheet,operating_lease_rou,Operating lease right-of-use assets,2020,2788.0,OperatingLeaseRightOfUseAsset,,,2020-08-30,0000909832-21-000014,2021-10-06,id3VybDovL2RvY3MudjEvZG9jOmU1OGRhYTJkOGIzMjQ3YzZiZmQ4YzVlYTBhZTRhMzRlL3NlYzplNThkYWEyZDhiMzI0N2M2YmZkOGM1ZWEwYWU0YTM0ZV84OC9mcmFnOjZlNzEzMjg4Y2UyNjQ4OTdiY2I5ZTkzYzMxNzdjMDE1L3RhYmxlOmVmNmQzNjNjZWUzZDRkNmJiMTE1NDE3YjFhNWZjN2IxL3RhYmxlcmFuZ2U6ZWY2ZDM2M2NlZTNkNGQ2YmIxMTU0MTdiMWE1ZmM3YjFfMTEtMy0xLTEtMA_3fad1bad-dfed-4344-ab37-02a09c40c4d9,https://www.sec.gov/Archives/edgar/data/909832/000090983221000014/cost-20210829.htm#id3VybDovL2RvY3MudjEvZG9jOmU1OGRhYTJkOGIzMjQ3YzZiZmQ4YzVlYTBhZTRhMzRlL3NlYzplNThkYWEyZDhiMzI0N2M2YmZkOGM1ZWEwYWU0YTM0ZV84OC9mcmFnOjZlNzEzMjg4Y2UyNjQ4OTdiY2I5ZTkzYzMxNzdjMDE1L3RhYmxlOmVmNmQzNjNjZWUzZDRkNmJiMTE1NDE3YjFhNWZjN2IxL3RhYmxlcmFuZ2U6ZWY2ZDM2M2NlZTNkNGQ2YmIxMTU0MTdiMWE1ZmM3YjFfMTEtMy0xLTEtMA_3fad1bad-dfed-4344-ab37-02a09c40c4d9,
balance_sheet,other_lt_assets,Other long-term assets,2020,2841.0,OtherAssetsNoncurrent,,,2020-08-30,0000909832-21-000014,2021-10-06,id3VybDovL2RvY3MudjEvZG9jOmU1OGRhYTJkOGIzMjQ3YzZiZmQ4YzVlYTBhZTRhMzRlL3NlYzplNThkYWEyZDhiMzI0N2M2YmZkOGM1ZWEwYWU0YTM0ZV84OC9mcmFnOjZlNzEzMjg4Y2UyNjQ4OTdiY2I5ZTkzYzMxNzdjMDE1L3RhYmxlOmVmNmQzNjNjZWUzZDRkNmJiMTE1NDE3YjFhNWZjN2IxL3RhYmxlcmFuZ2U6ZWY2ZDM2M2NlZTNkNGQ2YmIxMTU0MTdiMWE1ZmM3YjFfMTItMy0xLTEtMA_c73092fb-cc9a-4c9b-b2bc-a0976d512d45,https://www.sec.gov/Archives/edgar/data/909832/000090983221000014/cost-20210829.htm#id3VybDovL2RvY3MudjEvZG9jOmU1OGRhYTJkOGIzMjQ3YzZiZmQ4YzVlYTBhZTRhMzRlL3NlYzplNThkYWEyZDhiMzI0N2M2YmZkOGM1ZWEwYWU0YTM0ZV84OC9mcmFnOjZlNzEzMjg4Y2UyNjQ4OTdiY2I5ZTkzYzMxNzdjMDE1L3RhYmxlOmVmNmQzNjNjZWUzZDRkNmJiMTE1NDE3YjFhNWZjN2IxL3RhYmxlcmFuZ2U6ZWY2ZDM2M2NlZTNkNGQ2YmIxMTU0MTdiMWE1ZmM3YjFfMTItMy0xLTEtMA_c73092fb-cc9a-4c9b-b2bc-a0976d512d45,
balance_sheet,total_assets,Total assets,2020,55556.0,Assets,,,2020-08-30,0000909832-21-000014,2021-10-06,id3VybDovL2RvY3MudjEvZG9jOmU1OGRhYTJkOGIzMjQ3YzZiZmQ4YzVlYTBhZTRhMzRlL3NlYzplNThkYWEyZDhiMzI0N2M2YmZkOGM1ZWEwYWU0YTM0ZV84OC9mcmFnOjZlNzEzMjg4Y2UyNjQ4OTdiY2I5ZTkzYzMxNzdjMDE1L3RhYmxlOmVmNmQzNjNjZWUzZDRkNmJiMTE1NDE3YjFhNWZjN2IxL3RhYmxlcmFuZ2U6ZWY2ZDM2M2NlZTNkNGQ2YmIxMTU0MTdiMWE1ZmM3YjFfMTMtMy0xLTEtMA_ca7870af-a174-4026-9923-df9f22d32664,https://www.sec.gov/Archives/edgar/data/909832/000090983221000014/cost-20210829.htm#id3VybDovL2RvY3MudjEvZG9jOmU1OGRhYTJkOGIzMjQ3YzZiZmQ4YzVlYTBhZTRhMzRlL3NlYzplNThkYWEyZDhiMzI0N2M2YmZkOGM1ZWEwYWU0YTM0ZV84OC9mcmFnOjZlNzEzMjg4Y2UyNjQ4OTdiY2I5ZTkzYzMxNzdjMDE1L3RhYmxlOmVmNmQzNjNjZWUzZDRkNmJiMTE1NDE3YjFhNWZjN2IxL3RhYmxlcmFuZ2U6ZWY2ZDM2M2NlZTNkNGQ2YmIxMTU0MTdiMWE1ZmM3YjFfMTMtMy0xLTEtMA_ca7870af-a174-4026-9923-df9f22d32664,
balance_sheet,accounts_payable,Accounts payable,2020,14172.0,AccountsPayableCurrent,,,2020-08-30,0000909832-21-000014,2021-10-06,id3VybDovL2RvY3MudjEvZG9jOmU1OGRhYTJkOGIzMjQ3YzZiZmQ4YzVlYTBhZTRhMzRlL3NlYzplNThkYWEyZDhiMzI0N2M2YmZkOGM1ZWEwYWU0YTM0ZV84OC9mcmFnOjZlNzEzMjg4Y2UyNjQ4OTdiY2I5ZTkzYzMxNzdjMDE1L3RhYmxlOmVmNmQzNjNjZWUzZDRkNmJiMTE1NDE3YjFhNWZjN2IxL3RhYmxlcmFuZ2U6ZWY2ZDM2M2NlZTNkNGQ2YmIxMTU0MTdiMWE1ZmM3YjFfMTYtMy0xLTEtMA_9483f7cd-12ed-41ee-869e-5d38557fce22,https://www.sec.gov/Archives/edgar/data/909832/000090983221000014/cost-20210829.htm#id3VybDovL2RvY3MudjEvZG9jOmU1OGRhYTJkOGIzMjQ3YzZiZmQ4YzVlYTBhZTRhMzRlL3NlYzplNThkYWEyZDhiMzI0N2M2YmZkOGM1ZWEwYWU0YTM0ZV84OC9mcmFnOjZlNzEzMjg4Y2UyNjQ4OTdiY2I5ZTkzYzMxNzdjMDE1L3RhYmxlOmVmNmQzNjNjZWUzZDRkNmJiMTE1NDE3YjFhNWZjN2IxL3RhYmxlcmFuZ2U6ZWY2ZDM2M2NlZTNkNGQ2YmIxMTU0MTdiMWE1ZmM3YjFfMTYtMy0xLTEtMA_9483f7cd-12ed-41ee-869e-5d38557fce22,
balance_sheet,accrued_salaries,Accrued salaries and benefits,2020,3605.0,EmployeeRelatedLiabilitiesCurrent,,,2020-08-30,0000909832-21-000014,2021-10-06,id3VybDovL2RvY3MudjEvZG9jOmU1OGRhYTJkOGIzMjQ3YzZiZmQ4YzVlYTBhZTRhMzRlL3NlYzplNThkYWEyZDhiMzI0N2M2YmZkOGM1ZWEwYWU0YTM0ZV84OC9mcmFnOjZlNzEzMjg4Y2UyNjQ4OTdiY2I5ZTkzYzMxNzdjMDE1L3RhYmxlOmVmNmQzNjNjZWUzZDRkNmJiMTE1NDE3YjFhNWZjN2IxL3RhYmxlcmFuZ2U6ZWY2ZDM2M2NlZTNkNGQ2YmIxMTU0MTdiMWE1ZmM3YjFfMTctMy0xLTEtMA_baa71af0-6298-4486-b755-8c3c355ba3d0,https://www.sec.gov/Archives/edgar/data/909832/000090983221000014/cost-20210829.htm#id3VybDovL2RvY3MudjEvZG9jOmU1OGRhYTJkOGIzMjQ3YzZiZmQ4YzVlYTBhZTRhMzRlL3NlYzplNThkYWEyZDhiMzI0N2M2YmZkOGM1ZWEwYWU0YTM0ZV84OC9mcmFnOjZlNzEzMjg4Y2UyNjQ4OTdiY2I5ZTkzYzMxNzdjMDE1L3RhYmxlOmVmNmQzNjNjZWUzZDRkNmJiMTE1NDE3YjFhNWZjN2IxL3RhYmxlcmFuZ2U6ZWY2ZDM2M2NlZTNkNGQ2YmIxMTU0MTdiMWE1ZmM3YjFfMTctMy0xLTEtMA_baa71af0-6298-4486-b755-8c3c355ba3d0,
balance_sheet,accrued_member_rewards,Accrued member rewards,2020,1393.0,AccruedLiabilitiesCurrent,,,2020-08-30,0000909832-21-000014,2021-10-06,id3VybDovL2RvY3MudjEvZG9jOmU1OGRhYTJkOGIzMjQ3YzZiZmQ4YzVlYTBhZTRhMzRlL3NlYzplNThkYWEyZDhiMzI0N2M2YmZkOGM1ZWEwYWU0YTM0ZV84OC9mcmFnOjZlNzEzMjg4Y2UyNjQ4OTdiY2I5ZTkzYzMxNzdjMDE1L3RhYmxlOmVmNmQzNjNjZWUzZDRkNmJiMTE1NDE3YjFhNWZjN2IxL3RhYmxlcmFuZ2U6ZWY2ZDM2M2NlZTNkNGQ2YmIxMTU0MTdiMWE1ZmM3YjFfMTgtMy0xLTEtMA_a0519f45-1e2d-46e1-b1b9-03076e691f08,https://www.sec.gov/Archives/edgar/data/909832/000090983221000014/cost-20210829.htm#id3VybDovL2RvY3MudjEvZG9jOmU1OGRhYTJkOGIzMjQ3YzZiZmQ4YzVlYTBhZTRhMzRlL3NlYzplNThkYWEyZDhiMzI0N2M2YmZkOGM1ZWEwYWU0YTM0ZV84OC9mcmFnOjZlNzEzMjg4Y2UyNjQ4OTdiY2I5ZTkzYzMxNzdjMDE1L3RhYmxlOmVmNmQzNjNjZWUzZDRkNmJiMTE1NDE3YjFhNWZjN2IxL3RhYmxlcmFuZ2U6ZWY2ZDM2M2NlZTNkNGQ2YmIxMTU0MTdiMWE1ZmM3YjFfMTgtMy0xLTEtMA_a0519f45-1e2d-46e1-b1b9-03076e691f08,
balance_sheet,deferred_membership_fees,Deferred membership fees,2020,1851.0,DeferredRevenueCurrent,,,2020-08-30,0000909832-21-000014,2021-10-06,id3VybDovL2RvY3MudjEvZG9jOmU1OGRhYTJkOGIzMjQ3YzZiZmQ4YzVlYTBhZTRhMzRlL3NlYzplNThkYWEyZDhiMzI0N2M2YmZkOGM1ZWEwYWU0YTM0ZV84OC9mcmFnOjZlNzEzMjg4Y2UyNjQ4OTdiY2I5ZTkzYzMxNzdjMDE1L3RhYmxlOmVmNmQzNjNjZWUzZDRkNmJiMTE1NDE3YjFhNWZjN2IxL3RhYmxlcmFuZ2U6ZWY2ZDM2M2NlZTNkNGQ2YmIxMTU0MTdiMWE1ZmM3YjFfMTktMy0xLTEtMA_e8ba23e2-c699-4ebb-ab6c-4ab79291d31d,https://www.sec.gov/Archives/edgar/data/909832/000090983221000014/cost-20210829.htm#id3VybDovL2RvY3MudjEvZG9jOmU1OGRhYTJkOGIzMjQ3YzZiZmQ4YzVlYTBhZTRhMzRlL3NlYzplNThkYWEyZDhiMzI0N2M2YmZkOGM1ZWEwYWU0YTM0ZV84OC9mcmFnOjZlNzEzMjg4Y2UyNjQ4OTdiY2I5ZTkzYzMxNzdjMDE1L3RhYmxlOmVmNmQzNjNjZWUzZDRkNmJiMTE1NDE3YjFhNWZjN2IxL3RhYmxlcmFuZ2U6ZWY2ZDM2M2NlZTNkNGQ2YmIxMTU0MTdiMWE1ZmM3YjFfMTktMy0xLTEtMA_e8ba23e2-c699-4ebb-ab6c-4ab79291d31d,
balance_sheet,current_debt,Current portion of long-term debt,2020,95.0,LongTermDebtCurrent,,,2020-08-30,0000909832-21-000014,2021-10-06,id3VybDovL2RvY3MudjEvZG9jOmU1OGRhYTJkOGIzMjQ3YzZiZmQ4YzVlYTBhZTRhMzRlL3NlYzplNThkYWEyZDhiMzI0N2M2YmZkOGM1ZWEwYWU0YTM0ZV84OC9mcmFnOjZlNzEzMjg4Y2UyNjQ4OTdiY2I5ZTkzYzMxNzdjMDE1L3RhYmxlOmVmNmQzNjNjZWUzZDRkNmJiMTE1NDE3YjFhNWZjN2IxL3RhYmxlcmFuZ2U6ZWY2ZDM2M2NlZTNkNGQ2YmIxMTU0MTdiMWE1ZmM3YjFfMjAtMy0xLTEtMA_af11707a-9427-41a4-b78b-92c7d2137a3e,https://www.sec.gov/Archives/edgar/data/909832/000090983221000014/cost-20210829.htm#id3VybDovL2RvY3MudjEvZG9jOmU1OGRhYTJkOGIzMjQ3YzZiZmQ4YzVlYTBhZTRhMzRlL3NlYzplNThkYWEyZDhiMzI0N2M2YmZkOGM1ZWEwYWU0YTM0ZV84OC9mcmFnOjZlNzEzMjg4Y2UyNjQ4OTdiY2I5ZTkzYzMxNzdjMDE1L3RhYmxlOmVmNmQzNjNjZWUzZDRkNmJiMTE1NDE3YjFhNWZjN2IxL3RhYmxlcmFuZ2U6ZWY2ZDM2M2NlZTNkNGQ2YmIxMTU0MTdiMWE1ZmM3YjFfMjAtMy0xLTEtMA_af11707a-9427-41a4-b78b-92c7d2137a3e,
balance_sheet,other_current_liabilities,Other current liabilities,2020,3728.0,OtherLiabilitiesCurrent,,,2020-08-30,0000909832-21-000014,2021-10-06,id3VybDovL2RvY3MudjEvZG9jOmU1OGRhYTJkOGIzMjQ3YzZiZmQ4YzVlYTBhZTRhMzRlL3NlYzplNThkYWEyZDhiMzI0N2M2YmZkOGM1ZWEwYWU0YTM0ZV84OC9mcmFnOjZlNzEzMjg4Y2UyNjQ4OTdiY2I5ZTkzYzMxNzdjMDE1L3RhYmxlOmVmNmQzNjNjZWUzZDRkNmJiMTE1NDE3YjFhNWZjN2IxL3RhYmxlcmFuZ2U6ZWY2ZDM2M2NlZTNkNGQ2YmIxMTU0MTdiMWE1ZmM3YjFfMjEtMy0xLTEtMA_6808984d-d4af-4b27-b553-52f16be4dde6,https://www.sec.gov/Archives/edgar/data/909832/000090983221000014/cost-20210829.htm#id3VybDovL2RvY3MudjEvZG9jOmU1OGRhYTJkOGIzMjQ3YzZiZmQ4YzVlYTBhZTRhMzRlL3NlYzplNThkYWEyZDhiMzI0N2M2YmZkOGM1ZWEwYWU0YTM0ZV84OC9mcmFnOjZlNzEzMjg4Y2UyNjQ4OTdiY2I5ZTkzYzMxNzdjMDE1L3RhYmxlOmVmNmQzNjNjZWUzZDRkNmJiMTE1NDE3YjFhNWZjN2IxL3RhYmxlcmFuZ2U6ZWY2ZDM2M2NlZTNkNGQ2YmIxMTU0MTdiMWE1ZmM3YjFfMjEtMy0xLTEtMA_6808984d-d4af-4b27-b553-52f16be4dde6,
balance_sheet,total_current_liabilities,Total current liabilities,2020,24844.0,LiabilitiesCurrent,,,2020-08-30,0000909832-21-000014,2021-10-06,id3VybDovL2RvY3MudjEvZG9jOmU1OGRhYTJkOGIzMjQ3YzZiZmQ4YzVlYTBhZTRhMzRlL3NlYzplNThkYWEyZDhiMzI0N2M2YmZkOGM1ZWEwYWU0YTM0ZV84OC9mcmFnOjZlNzEzMjg4Y2UyNjQ4OTdiY2I5ZTkzYzMxNzdjMDE1L3RhYmxlOmVmNmQzNjNjZWUzZDRkNmJiMTE1NDE3YjFhNWZjN2IxL3RhYmxlcmFuZ2U6ZWY2ZDM2M2NlZTNkNGQ2YmIxMTU0MTdiMWE1ZmM3YjFfMjItMy0xLTEtMA_f5117947-f0ae-41f2-9f10-25ef744bfd39,https://www.sec.gov/Archives/edgar/data/909832/000090983221000014/cost-20210829.htm#id3VybDovL2RvY3MudjEvZG9jOmU1OGRhYTJkOGIzMjQ3YzZiZmQ4YzVlYTBhZTRhMzRlL3NlYzplNThkYWEyZDhiMzI0N2M2YmZkOGM1ZWEwYWU0YTM0ZV84OC9mcmFnOjZlNzEzMjg4Y2UyNjQ4OTdiY2I5ZTkzYzMxNzdjMDE1L3RhYmxlOmVmNmQzNjNjZWUzZDRkNmJiMTE1NDE3YjFhNWZjN2IxL3RhYmxlcmFuZ2U6ZWY2ZDM2M2NlZTNkNGQ2YmIxMTU0MTdiMWE1ZmM3YjFfMjItMy0xLTEtMA_f5117947-f0ae-41f2-9f10-25ef744bfd39,
balance_sheet,long_term_debt,"Long-term debt, excluding current portion",2020,7514.0,LongTermDebtNoncurrent,,,2020-08-30,0000909832-21-000014,2021-10-06,id3VybDovL2RvY3MudjEvZG9jOmU1OGRhYTJkOGIzMjQ3YzZiZmQ4YzVlYTBhZTRhMzRlL3NlYzplNThkYWEyZDhiMzI0N2M2YmZkOGM1ZWEwYWU0YTM0ZV84OC9mcmFnOjZlNzEzMjg4Y2UyNjQ4OTdiY2I5ZTkzYzMxNzdjMDE1L3RhYmxlOmVmNmQzNjNjZWUzZDRkNmJiMTE1NDE3YjFhNWZjN2IxL3RhYmxlcmFuZ2U6ZWY2ZDM2M2NlZTNkNGQ2YmIxMTU0MTdiMWE1ZmM3YjFfMjQtMy0xLTEtMA_9fa6c7ca-d05c-48bc-98ea-0263a91a142b,https://www.sec.gov/Archives/edgar/data/909832/000090983221000014/cost-20210829.htm#id3VybDovL2RvY3MudjEvZG9jOmU1OGRhYTJkOGIzMjQ3YzZiZmQ4YzVlYTBhZTRhMzRlL3NlYzplNThkYWEyZDhiMzI0N2M2YmZkOGM1ZWEwYWU0YTM0ZV84OC9mcmFnOjZlNzEzMjg4Y2UyNjQ4OTdiY2I5ZTkzYzMxNzdjMDE1L3RhYmxlOmVmNmQzNjNjZWUzZDRkNmJiMTE1NDE3YjFhNWZjN2IxL3RhYmxlcmFuZ2U6ZWY2ZDM2M2NlZTNkNGQ2YmIxMTU0MTdiMWE1ZmM3YjFfMjQtMy0xLTEtMA_9fa6c7ca-d05c-48bc-98ea-0263a91a142b,
balance_sheet,lt_operating_lease_liab,Long-term operating lease liabilities,2020,2558.0,OperatingLeaseLiabilityNoncurrent,,,2020-08-30,0000909832-21-000014,2021-10-06,id3VybDovL2RvY3MudjEvZG9jOmU1OGRhYTJkOGIzMjQ3YzZiZmQ4YzVlYTBhZTRhMzRlL3NlYzplNThkYWEyZDhiMzI0N2M2YmZkOGM1ZWEwYWU0YTM0ZV84OC9mcmFnOjZlNzEzMjg4Y2UyNjQ4OTdiY2I5ZTkzYzMxNzdjMDE1L3RhYmxlOmVmNmQzNjNjZWUzZDRkNmJiMTE1NDE3YjFhNWZjN2IxL3RhYmxlcmFuZ2U6ZWY2ZDM2M2NlZTNkNGQ2YmIxMTU0MTdiMWE1ZmM3YjFfMjUtMy0xLTEtMA_8c1990cb-e5cb-4c1e-97d0-a96c1aed3f9f,https://www.sec.gov/Archives/edgar/data/909832/000090983221000014/cost-20210829.htm#id3VybDovL2RvY3MudjEvZG9jOmU1OGRhYTJkOGIzMjQ3YzZiZmQ4YzVlYTBhZTRhMzRlL3NlYzplNThkYWEyZDhiMzI0N2M2YmZkOGM1ZWEwYWU0YTM0ZV84OC9mcmFnOjZlNzEzMjg4Y2UyNjQ4OTdiY2I5ZTkzYzMxNzdjMDE1L3RhYmxlOmVmNmQzNjNjZWUzZDRkNmJiMTE1NDE3YjFhNWZjN2IxL3RhYmxlcmFuZ2U6ZWY2ZDM2M2NlZTNkNGQ2YmIxMTU0MTdiMWE1ZmM3YjFfMjUtMy0xLTEtMA_8c1990cb-e5cb-4c1e-97d0-a96c1aed3f9f,
balance_sheet,other_lt_liabilities,Other long-term liabilities,2020,1935.0,OtherLiabilitiesNoncurrent,,,2020-08-30,0000909832-21-000014,2021-10-06,id3VybDovL2RvY3MudjEvZG9jOmU1OGRhYTJkOGIzMjQ3YzZiZmQ4YzVlYTBhZTRhMzRlL3NlYzplNThkYWEyZDhiMzI0N2M2YmZkOGM1ZWEwYWU0YTM0ZV84OC9mcmFnOjZlNzEzMjg4Y2UyNjQ4OTdiY2I5ZTkzYzMxNzdjMDE1L3RhYmxlOmVmNmQzNjNjZWUzZDRkNmJiMTE1NDE3YjFhNWZjN2IxL3RhYmxlcmFuZ2U6ZWY2ZDM2M2NlZTNkNGQ2YmIxMTU0MTdiMWE1ZmM3YjFfMjYtMy0xLTEtMA_c2231826-98a9-4a68-819f-327af6aab6ed,https://www.sec.gov/Archives/edgar/data/909832/000090983221000014/cost-20210829.htm#id3VybDovL2RvY3MudjEvZG9jOmU1OGRhYTJkOGIzMjQ3YzZiZmQ4YzVlYTBhZTRhMzRlL3NlYzplNThkYWEyZDhiMzI0N2M2YmZkOGM1ZWEwYWU0YTM0ZV84OC9mcmFnOjZlNzEzMjg4Y2UyNjQ4OTdiY2I5ZTkzYzMxNzdjMDE1L3RhYmxlOmVmNmQzNjNjZWUzZDRkNmJiMTE1NDE3YjFhNWZjN2IxL3RhYmxlcmFuZ2U6ZWY2ZDM2M2NlZTNkNGQ2YmIxMTU0MTdiMWE1ZmM3YjFfMjYtMy0xLTEtMA_c2231826-98a9-4a68-819f-327af6aab6ed,
balance_sheet,total_liabilities,Total liabilities,2020,36851.0,Liabilities,,,2020-08-30,0000909832-21-000014,2021-10-06,id3VybDovL2RvY3MudjEvZG9jOmU1OGRhYTJkOGIzMjQ3YzZiZmQ4YzVlYTBhZTRhMzRlL3NlYzplNThkYWEyZDhiMzI0N2M2YmZkOGM1ZWEwYWU0YTM0ZV84OC9mcmFnOjZlNzEzMjg4Y2UyNjQ4OTdiY2I5ZTkzYzMxNzdjMDE1L3RhYmxlOmVmNmQzNjNjZWUzZDRkNmJiMTE1NDE3YjFhNWZjN2IxL3RhYmxlcmFuZ2U6ZWY2ZDM2M2NlZTNkNGQ2YmIxMTU0MTdiMWE1ZmM3YjFfMjctMy0xLTEtMA_9edc085b-ab1f-4c45-89f5-424f9b0376b1,https://www.sec.gov/Archives/edgar/data/909832/000090983221000014/cost-20210829.htm#id3VybDovL2RvY3MudjEvZG9jOmU1OGRhYTJkOGIzMjQ3YzZiZmQ4YzVlYTBhZTRhMzRlL3NlYzplNThkYWEyZDhiMzI0N2M2YmZkOGM1ZWEwYWU0YTM0ZV84OC9mcmFnOjZlNzEzMjg4Y2UyNjQ4OTdiY2I5ZTkzYzMxNzdjMDE1L3RhYmxlOmVmNmQzNjNjZWUzZDRkNmJiMTE1NDE3YjFhNWZjN2IxL3RhYmxlcmFuZ2U6ZWY2ZDM2M2NlZTNkNGQ2YmIxMTU0MTdiMWE1ZmM3YjFfMjctMy0xLTEtMA_9edc085b-ab1f-4c45-89f5-424f9b0376b1,
balance_sheet,costco_equity,Total Costco stockholders' equity,2020,18284.0,StockholdersEquity,,,2020-08-30,0000909832-21-000014,2021-10-06,id3VybDovL2RvY3MudjEvZG9jOmU1OGRhYTJkOGIzMjQ3YzZiZmQ4YzVlYTBhZTRhMzRlL3NlYzplNThkYWEyZDhiMzI0N2M2YmZkOGM1ZWEwYWU0YTM0ZV84OC9mcmFnOjZlNzEzMjg4Y2UyNjQ4OTdiY2I5ZTkzYzMxNzdjMDE1L3RhYmxlOmVmNmQzNjNjZWUzZDRkNmJiMTE1NDE3YjFhNWZjN2IxL3RhYmxlcmFuZ2U6ZWY2ZDM2M2NlZTNkNGQ2YmIxMTU0MTdiMWE1ZmM3YjFfMzUtMy0xLTEtMA_b53d2ec4-8a72-4af3-9624-0fe561bd76bd,https://www.sec.gov/Archives/edgar/data/909832/000090983221000014/cost-20210829.htm#id3VybDovL2RvY3MudjEvZG9jOmU1OGRhYTJkOGIzMjQ3YzZiZmQ4YzVlYTBhZTRhMzRlL3NlYzplNThkYWEyZDhiMzI0N2M2YmZkOGM1ZWEwYWU0YTM0ZV84OC9mcmFnOjZlNzEzMjg4Y2UyNjQ4OTdiY2I5ZTkzYzMxNzdjMDE1L3RhYmxlOmVmNmQzNjNjZWUzZDRkNmJiMTE1NDE3YjFhNWZjN2IxL3RhYmxlcmFuZ2U6ZWY2ZDM2M2NlZTNkNGQ2YmIxMTU0MTdiMWE1ZmM3YjFfMzUtMy0xLTEtMA_b53d2ec4-8a72-4af3-9624-0fe561bd76bd,
balance_sheet,nci,Noncontrolling interests,2020,421.0,MinorityInterest,,,2020-08-30,0000909832-21-000014,2021-10-06,id3VybDovL2RvY3MudjEvZG9jOmU1OGRhYTJkOGIzMjQ3YzZiZmQ4YzVlYTBhZTRhMzRlL3NlYzplNThkYWEyZDhiMzI0N2M2YmZkOGM1ZWEwYWU0YTM0ZV84OC9mcmFnOjZlNzEzMjg4Y2UyNjQ4OTdiY2I5ZTkzYzMxNzdjMDE1L3RhYmxlOmVmNmQzNjNjZWUzZDRkNmJiMTE1NDE3YjFhNWZjN2IxL3RhYmxlcmFuZ2U6ZWY2ZDM2M2NlZTNkNGQ2YmIxMTU0MTdiMWE1ZmM3YjFfMzYtMy0xLTEtMA_a4e58222-d65d-4907-b624-0e411a7bf5e6,https://www.sec.gov/Archives/edgar/data/909832/000090983221000014/cost-20210829.htm#id3VybDovL2RvY3MudjEvZG9jOmU1OGRhYTJkOGIzMjQ3YzZiZmQ4YzVlYTBhZTRhMzRlL3NlYzplNThkYWEyZDhiMzI0N2M2YmZkOGM1ZWEwYWU0YTM0ZV84OC9mcmFnOjZlNzEzMjg4Y2UyNjQ4OTdiY2I5ZTkzYzMxNzdjMDE1L3RhYmxlOmVmNmQzNjNjZWUzZDRkNmJiMTE1NDE3YjFhNWZjN2IxL3RhYmxlcmFuZ2U6ZWY2ZDM2M2NlZTNkNGQ2YmIxMTU0MTdiMWE1ZmM3YjFfMzYtMy0xLTEtMA_a4e58222-d65d-4907-b624-0e411a7bf5e6,
balance_sheet,total_equity,Total equity,2020,18705.0,StockholdersEquityIncludingPortionAttributableToNoncontrollingInterest,,,2020-08-30,0000909832-21-000014,2021-10-06,id3VybDovL2RvY3MudjEvZG9jOmU1OGRhYTJkOGIzMjQ3YzZiZmQ4YzVlYTBhZTRhMzRlL3NlYzplNThkYWEyZDhiMzI0N2M2YmZkOGM1ZWEwYWU0YTM0ZV84OC9mcmFnOjZlNzEzMjg4Y2UyNjQ4OTdiY2I5ZTkzYzMxNzdjMDE1L3RhYmxlOmVmNmQzNjNjZWUzZDRkNmJiMTE1NDE3YjFhNWZjN2IxL3RhYmxlcmFuZ2U6ZWY2ZDM2M2NlZTNkNGQ2YmIxMTU0MTdiMWE1ZmM3YjFfMzctMy0xLTEtMA_389cf231-7881-4151-b66b-0a1d9ec4efd2,https://www.sec.gov/Archives/edgar/data/909832/000090983221000014/cost-20210829.htm#id3VybDovL2RvY3MudjEvZG9jOmU1OGRhYTJkOGIzMjQ3YzZiZmQ4YzVlYTBhZTRhMzRlL3NlYzplNThkYWEyZDhiMzI0N2M2YmZkOGM1ZWEwYWU0YTM0ZV84OC9mcmFnOjZlNzEzMjg4Y2UyNjQ4OTdiY2I5ZTkzYzMxNzdjMDE1L3RhYmxlOmVmNmQzNjNjZWUzZDRkNmJiMTE1NDE3YjFhNWZjN2IxL3RhYmxlcmFuZ2U6ZWY2ZDM2M2NlZTNkNGQ2YmIxMTU0MTdiMWE1ZmM3YjFfMzctMy0xLTEtMA_389cf231-7881-4151-b66b-0a1d9ec4efd2,
balance_sheet,total_liabilities_equity,Total liabilities and equity,2020,55556.0,LiabilitiesAndStockholdersEquity,,,2020-08-30,0000909832-21-000014,2021-10-06,id3VybDovL2RvY3MudjEvZG9jOmU1OGRhYTJkOGIzMjQ3YzZiZmQ4YzVlYTBhZTRhMzRlL3NlYzplNThkYWEyZDhiMzI0N2M2YmZkOGM1ZWEwYWU0YTM0ZV84OC9mcmFnOjZlNzEzMjg4Y2UyNjQ4OTdiY2I5ZTkzYzMxNzdjMDE1L3RhYmxlOmVmNmQzNjNjZWUzZDRkNmJiMTE1NDE3YjFhNWZjN2IxL3RhYmxlcmFuZ2U6ZWY2ZDM2M2NlZTNkNGQ2YmIxMTU0MTdiMWE1ZmM3YjFfMzgtMy0xLTEtMA_34632181-78f1-4fa6-a717-949c5db19120,https://www.sec.gov/Archives/edgar/data/909832/000090983221000014/cost-20210829.htm#id3VybDovL2RvY3MudjEvZG9jOmU1OGRhYTJkOGIzMjQ3YzZiZmQ4YzVlYTBhZTRhMzRlL3NlYzplNThkYWEyZDhiMzI0N2M2YmZkOGM1ZWEwYWU0YTM0ZV84OC9mcmFnOjZlNzEzMjg4Y2UyNjQ4OTdiY2I5ZTkzYzMxNzdjMDE1L3RhYmxlOmVmNmQzNjNjZWUzZDRkNmJiMTE1NDE3YjFhNWZjN2IxL3RhYmxlcmFuZ2U6ZWY2ZDM2M2NlZTNkNGQ2YmIxMTU0MTdiMWE1ZmM3YjFfMzgtMy0xLTEtMA_34632181-78f1-4fa6-a717-949c5db19120,
balance_sheet,shares_outstanding,Common shares outstanding (m),2020,441.255,CommonStockSharesOutstanding,,,2020-08-30,0000909832-21-000014,2021-10-06,id3VybDovL2RvY3MudjEvZG9jOmU1OGRhYTJkOGIzMjQ3YzZiZmQ4YzVlYTBhZTRhMzRlL3NlYzplNThkYWEyZDhiMzI0N2M2YmZkOGM1ZWEwYWU0YTM0ZV85MS9mcmFnOjc5MjMxNDFkOGJiMTQ0NWNiNDFmYThjYmYxNDk2ZDdmL3RhYmxlOmNmMWVjYWI5YzU3MDRjNWE4MWM1MzFjY2ZlYWU3OTUwL3RhYmxlcmFuZ2U6Y2YxZWNhYjljNTcwNGM1YTgxYzUzMWNjZmVhZTc5NTBfOS0yLTEtMS0yMTI5Mw_8e47c3cd-7679-4920-b1cb-f073d9c7c0cd,https://www.sec.gov/Archives/edgar/data/909832/000090983221000014/cost-20210829.htm#id3VybDovL2RvY3MudjEvZG9jOmU1OGRhYTJkOGIzMjQ3YzZiZmQ4YzVlYTBhZTRhMzRlL3NlYzplNThkYWEyZDhiMzI0N2M2YmZkOGM1ZWEwYWU0YTM0ZV85MS9mcmFnOjc5MjMxNDFkOGJiMTQ0NWNiNDFmYThjYmYxNDk2ZDdmL3RhYmxlOmNmMWVjYWI5YzU3MDRjNWE4MWM1MzFjY2ZlYWU3OTUwL3RhYmxlcmFuZ2U6Y2YxZWNhYjljNTcwNGM1YTgxYzUzMWNjZmVhZTc5NTBfOS0yLTEtMS0yMTI5Mw_8e47c3cd-7679-4920-b1cb-f073d9c7c0cd,
balance_sheet,cash,Cash and cash equivalents,2021,11258.0,CashAndCashEquivalentsAtCarryingValue,,,2021-08-29,0000909832-22-000021,2022-10-05,id3VybDovL2RvY3MudjEvZG9jOjdmOTI4MjJkZGY4NDRjMjQ5MTI2MjdiZjY4NTA5YjU2L3NlYzo3ZjkyODIyZGRmODQ0YzI0OTEyNjI3YmY2ODUwOWI1Nl84OC9mcmFnOjNmYWE1NGI1YzNmMTRhYjRhNmI0MzRlOGRiOTJlNDEyL3RhYmxlOmI3NDM3MzZiMjEzNTRkYzJhMjI1Y2FjNDlkOGYzYmE0L3RhYmxlcmFuZ2U6Yjc0MzczNmIyMTM1NGRjMmEyMjVjYWM0OWQ4ZjNiYTRfMy0zLTEtMS01NTA3MQ_21e66ff7-f2cd-44a3-a4f5-4fc85c0da456,https://www.sec.gov/Archives/edgar/data/909832/000090983222000021/cost-20220828.htm#id3VybDovL2RvY3MudjEvZG9jOjdmOTI4MjJkZGY4NDRjMjQ5MTI2MjdiZjY4NTA5YjU2L3NlYzo3ZjkyODIyZGRmODQ0YzI0OTEyNjI3YmY2ODUwOWI1Nl84OC9mcmFnOjNmYWE1NGI1YzNmMTRhYjRhNmI0MzRlOGRiOTJlNDEyL3RhYmxlOmI3NDM3MzZiMjEzNTRkYzJhMjI1Y2FjNDlkOGYzYmE0L3RhYmxlcmFuZ2U6Yjc0MzczNmIyMTM1NGRjMmEyMjVjYWM0OWQ4ZjNiYTRfMy0zLTEtMS01NTA3MQ_21e66ff7-f2cd-44a3-a4f5-4fc85c0da456,
balance_sheet,short_term_investments,Short-term investments,2021,917.0,ShortTermInvestments,,,2021-08-29,0000909832-22-000021,2022-10-05,id3VybDovL2RvY3MudjEvZG9jOjdmOTI4MjJkZGY4NDRjMjQ5MTI2MjdiZjY4NTA5YjU2L3NlYzo3ZjkyODIyZGRmODQ0YzI0OTEyNjI3YmY2ODUwOWI1Nl84OC9mcmFnOjNmYWE1NGI1YzNmMTRhYjRhNmI0MzRlOGRiOTJlNDEyL3RhYmxlOmI3NDM3MzZiMjEzNTRkYzJhMjI1Y2FjNDlkOGYzYmE0L3RhYmxlcmFuZ2U6Yjc0MzczNmIyMTM1NGRjMmEyMjVjYWM0OWQ4ZjNiYTRfNC0zLTEtMS01NTA3MQ_b024adbf-275a-423b-bf8c-2a43b157b6b6,https://www.sec.gov/Archives/edgar/data/909832/000090983222000021/cost-20220828.htm#id3VybDovL2RvY3MudjEvZG9jOjdmOTI4MjJkZGY4NDRjMjQ5MTI2MjdiZjY4NTA5YjU2L3NlYzo3ZjkyODIyZGRmODQ0YzI0OTEyNjI3YmY2ODUwOWI1Nl84OC9mcmFnOjNmYWE1NGI1YzNmMTRhYjRhNmI0MzRlOGRiOTJlNDEyL3RhYmxlOmI3NDM3MzZiMjEzNTRkYzJhMjI1Y2FjNDlkOGYzYmE0L3RhYmxlcmFuZ2U6Yjc0MzczNmIyMTM1NGRjMmEyMjVjYWM0OWQ4ZjNiYTRfNC0zLTEtMS01NTA3MQ_b024adbf-275a-423b-bf8c-2a43b157b6b6,
balance_sheet,receivables,"Receivables, net",2021,1803.0,ReceivablesNetCurrent,,,2021-08-29,0000909832-22-000021,2022-10-05,id3VybDovL2RvY3MudjEvZG9jOjdmOTI4MjJkZGY4NDRjMjQ5MTI2MjdiZjY4NTA5YjU2L3NlYzo3ZjkyODIyZGRmODQ0YzI0OTEyNjI3YmY2ODUwOWI1Nl84OC9mcmFnOjNmYWE1NGI1YzNmMTRhYjRhNmI0MzRlOGRiOTJlNDEyL3RhYmxlOmI3NDM3MzZiMjEzNTRkYzJhMjI1Y2FjNDlkOGYzYmE0L3RhYmxlcmFuZ2U6Yjc0MzczNmIyMTM1NGRjMmEyMjVjYWM0OWQ4ZjNiYTRfNS0zLTEtMS01NTA3MQ_1f23fb8f-98a2-40ef-ab05-e20042ff6eb9,https://www.sec.gov/Archives/edgar/data/909832/000090983222000021/cost-20220828.htm#id3VybDovL2RvY3MudjEvZG9jOjdmOTI4MjJkZGY4NDRjMjQ5MTI2MjdiZjY4NTA5YjU2L3NlYzo3ZjkyODIyZGRmODQ0YzI0OTEyNjI3YmY2ODUwOWI1Nl84OC9mcmFnOjNmYWE1NGI1YzNmMTRhYjRhNmI0MzRlOGRiOTJlNDEyL3RhYmxlOmI3NDM3MzZiMjEzNTRkYzJhMjI1Y2FjNDlkOGYzYmE0L3RhYmxlcmFuZ2U6Yjc0MzczNmIyMTM1NGRjMmEyMjVjYWM0OWQ4ZjNiYTRfNS0zLTEtMS01NTA3MQ_1f23fb8f-98a2-40ef-ab05-e20042ff6eb9,
balance_sheet,inventories,Merchandise inventories,2021,14215.0,InventoryNet,,,2021-08-29,0000909832-22-000021,2022-10-05,id3VybDovL2RvY3MudjEvZG9jOjdmOTI4MjJkZGY4NDRjMjQ5MTI2MjdiZjY4NTA5YjU2L3NlYzo3ZjkyODIyZGRmODQ0YzI0OTEyNjI3YmY2ODUwOWI1Nl84OC9mcmFnOjNmYWE1NGI1YzNmMTRhYjRhNmI0MzRlOGRiOTJlNDEyL3RhYmxlOmI3NDM3MzZiMjEzNTRkYzJhMjI1Y2FjNDlkOGYzYmE0L3RhYmxlcmFuZ2U6Yjc0MzczNmIyMTM1NGRjMmEyMjVjYWM0OWQ4ZjNiYTRfNi0zLTEtMS01NTA3MQ_2a4d4b68-beda-47f7-9486-0b80c379c837,https://www.sec.gov/Archives/edgar/data/909832/000090983222000021/cost-20220828.htm#id3VybDovL2RvY3MudjEvZG9jOjdmOTI4MjJkZGY4NDRjMjQ5MTI2MjdiZjY4NTA5YjU2L3NlYzo3ZjkyODIyZGRmODQ0YzI0OTEyNjI3YmY2ODUwOWI1Nl84OC9mcmFnOjNmYWE1NGI1YzNmMTRhYjRhNmI0MzRlOGRiOTJlNDEyL3RhYmxlOmI3NDM3MzZiMjEzNTRkYzJhMjI1Y2FjNDlkOGYzYmE0L3RhYmxlcmFuZ2U6Yjc0MzczNmIyMTM1NGRjMmEyMjVjYWM0OWQ4ZjNiYTRfNi0zLTEtMS01NTA3MQ_2a4d4b68-beda-47f7-9486-0b80c379c837,
balance_sheet,other_current_assets,Other current assets,2021,1312.0,OtherAssetsCurrent,,,2021-08-29,0000909832-22-000021,2022-10-05,id3VybDovL2RvY3MudjEvZG9jOjdmOTI4MjJkZGY4NDRjMjQ5MTI2MjdiZjY4NTA5YjU2L3NlYzo3ZjkyODIyZGRmODQ0YzI0OTEyNjI3YmY2ODUwOWI1Nl84OC9mcmFnOjNmYWE1NGI1YzNmMTRhYjRhNmI0MzRlOGRiOTJlNDEyL3RhYmxlOmI3NDM3MzZiMjEzNTRkYzJhMjI1Y2FjNDlkOGYzYmE0L3RhYmxlcmFuZ2U6Yjc0MzczNmIyMTM1NGRjMmEyMjVjYWM0OWQ4ZjNiYTRfNy0zLTEtMS01NTA3MQ_f6a1a1ef-44b0-4d82-9502-8b41e047b302,https://www.sec.gov/Archives/edgar/data/909832/000090983222000021/cost-20220828.htm#id3VybDovL2RvY3MudjEvZG9jOjdmOTI4MjJkZGY4NDRjMjQ5MTI2MjdiZjY4NTA5YjU2L3NlYzo3ZjkyODIyZGRmODQ0YzI0OTEyNjI3YmY2ODUwOWI1Nl84OC9mcmFnOjNmYWE1NGI1YzNmMTRhYjRhNmI0MzRlOGRiOTJlNDEyL3RhYmxlOmI3NDM3MzZiMjEzNTRkYzJhMjI1Y2FjNDlkOGYzYmE0L3RhYmxlcmFuZ2U6Yjc0MzczNmIyMTM1NGRjMmEyMjVjYWM0OWQ4ZjNiYTRfNy0zLTEtMS01NTA3MQ_f6a1a1ef-44b0-4d82-9502-8b41e047b302,
balance_sheet,total_current_assets,Total current assets,2021,29505.0,AssetsCurrent,,,2021-08-29,0000909832-22-000021,2022-10-05,id3VybDovL2RvY3MudjEvZG9jOjdmOTI4MjJkZGY4NDRjMjQ5MTI2MjdiZjY4NTA5YjU2L3NlYzo3ZjkyODIyZGRmODQ0YzI0OTEyNjI3YmY2ODUwOWI1Nl84OC9mcmFnOjNmYWE1NGI1YzNmMTRhYjRhNmI0MzRlOGRiOTJlNDEyL3RhYmxlOmI3NDM3MzZiMjEzNTRkYzJhMjI1Y2FjNDlkOGYzYmE0L3RhYmxlcmFuZ2U6Yjc0MzczNmIyMTM1NGRjMmEyMjVjYWM0OWQ4ZjNiYTRfOC0zLTEtMS01NTA3MQ_410e7d97-0f33-46b4-a09c-a6dd542488ef,https://www.sec.gov/Archives/edgar/data/909832/000090983222000021/cost-20220828.htm#id3VybDovL2RvY3MudjEvZG9jOjdmOTI4MjJkZGY4NDRjMjQ5MTI2MjdiZjY4NTA5YjU2L3NlYzo3ZjkyODIyZGRmODQ0YzI0OTEyNjI3YmY2ODUwOWI1Nl84OC9mcmFnOjNmYWE1NGI1YzNmMTRhYjRhNmI0MzRlOGRiOTJlNDEyL3RhYmxlOmI3NDM3MzZiMjEzNTRkYzJhMjI1Y2FjNDlkOGYzYmE0L3RhYmxlcmFuZ2U6Yjc0MzczNmIyMTM1NGRjMmEyMjVjYWM0OWQ4ZjNiYTRfOC0zLTEtMS01NTA3MQ_410e7d97-0f33-46b4-a09c-a6dd542488ef,
balance_sheet,ppe_net,"Property and equipment, net",2021,23492.0,PropertyPlantAndEquipmentNet,,,2021-08-29,0000909832-22-000021,2022-10-05,id3VybDovL2RvY3MudjEvZG9jOjdmOTI4MjJkZGY4NDRjMjQ5MTI2MjdiZjY4NTA5YjU2L3NlYzo3ZjkyODIyZGRmODQ0YzI0OTEyNjI3YmY2ODUwOWI1Nl84OC9mcmFnOjNmYWE1NGI1YzNmMTRhYjRhNmI0MzRlOGRiOTJlNDEyL3RhYmxlOmI3NDM3MzZiMjEzNTRkYzJhMjI1Y2FjNDlkOGYzYmE0L3RhYmxlcmFuZ2U6Yjc0MzczNmIyMTM1NGRjMmEyMjVjYWM0OWQ4ZjNiYTRfMTAtMy0xLTEtNTUwNzE_49c18e7d-7a11-4c01-bc5b-b6c396768eba,https://www.sec.gov/Archives/edgar/data/909832/000090983222000021/cost-20220828.htm#id3VybDovL2RvY3MudjEvZG9jOjdmOTI4MjJkZGY4NDRjMjQ5MTI2MjdiZjY4NTA5YjU2L3NlYzo3ZjkyODIyZGRmODQ0YzI0OTEyNjI3YmY2ODUwOWI1Nl84OC9mcmFnOjNmYWE1NGI1YzNmMTRhYjRhNmI0MzRlOGRiOTJlNDEyL3RhYmxlOmI3NDM3MzZiMjEzNTRkYzJhMjI1Y2FjNDlkOGYzYmE0L3RhYmxlcmFuZ2U6Yjc0MzczNmIyMTM1NGRjMmEyMjVjYWM0OWQ4ZjNiYTRfMTAtMy0xLTEtNTUwNzE_49c18e7d-7a11-4c01-bc5b-b6c396768eba,
balance_sheet,operating_lease_rou,Operating lease right-of-use assets,2021,2890.0,OperatingLeaseRightOfUseAsset,,,2021-08-29,0000909832-22-000021,2022-10-05,id3VybDovL2RvY3MudjEvZG9jOjdmOTI4MjJkZGY4NDRjMjQ5MTI2MjdiZjY4NTA5YjU2L3NlYzo3ZjkyODIyZGRmODQ0YzI0OTEyNjI3YmY2ODUwOWI1Nl84OC9mcmFnOjNmYWE1NGI1YzNmMTRhYjRhNmI0MzRlOGRiOTJlNDEyL3RhYmxlOmI3NDM3MzZiMjEzNTRkYzJhMjI1Y2FjNDlkOGYzYmE0L3RhYmxlcmFuZ2U6Yjc0MzczNmIyMTM1NGRjMmEyMjVjYWM0OWQ4ZjNiYTRfMTEtMy0xLTEtNTUwNzE_4619a1cd-e333-47d4-9d12-3aa61a558d80,https://www.sec.gov/Archives/edgar/data/909832/000090983222000021/cost-20220828.htm#id3VybDovL2RvY3MudjEvZG9jOjdmOTI4MjJkZGY4NDRjMjQ5MTI2MjdiZjY4NTA5YjU2L3NlYzo3ZjkyODIyZGRmODQ0YzI0OTEyNjI3YmY2ODUwOWI1Nl84OC9mcmFnOjNmYWE1NGI1YzNmMTRhYjRhNmI0MzRlOGRiOTJlNDEyL3RhYmxlOmI3NDM3MzZiMjEzNTRkYzJhMjI1Y2FjNDlkOGYzYmE0L3RhYmxlcmFuZ2U6Yjc0MzczNmIyMTM1NGRjMmEyMjVjYWM0OWQ4ZjNiYTRfMTEtMy0xLTEtNTUwNzE_4619a1cd-e333-47d4-9d12-3aa61a558d80,
balance_sheet,other_lt_assets,Other long-term assets,2021,3381.0,OtherAssetsNoncurrent,,,2021-08-29,0000909832-22-000021,2022-10-05,id3VybDovL2RvY3MudjEvZG9jOjdmOTI4MjJkZGY4NDRjMjQ5MTI2MjdiZjY4NTA5YjU2L3NlYzo3ZjkyODIyZGRmODQ0YzI0OTEyNjI3YmY2ODUwOWI1Nl84OC9mcmFnOjNmYWE1NGI1YzNmMTRhYjRhNmI0MzRlOGRiOTJlNDEyL3RhYmxlOmI3NDM3MzZiMjEzNTRkYzJhMjI1Y2FjNDlkOGYzYmE0L3RhYmxlcmFuZ2U6Yjc0MzczNmIyMTM1NGRjMmEyMjVjYWM0OWQ4ZjNiYTRfMTItMy0xLTEtNTUwNzE_93bfbac6-4865-4bee-9e2e-12a562bac195,https://www.sec.gov/Archives/edgar/data/909832/000090983222000021/cost-20220828.htm#id3VybDovL2RvY3MudjEvZG9jOjdmOTI4MjJkZGY4NDRjMjQ5MTI2MjdiZjY4NTA5YjU2L3NlYzo3ZjkyODIyZGRmODQ0YzI0OTEyNjI3YmY2ODUwOWI1Nl84OC9mcmFnOjNmYWE1NGI1YzNmMTRhYjRhNmI0MzRlOGRiOTJlNDEyL3RhYmxlOmI3NDM3MzZiMjEzNTRkYzJhMjI1Y2FjNDlkOGYzYmE0L3RhYmxlcmFuZ2U6Yjc0MzczNmIyMTM1NGRjMmEyMjVjYWM0OWQ4ZjNiYTRfMTItMy0xLTEtNTUwNzE_93bfbac6-4865-4bee-9e2e-12a562bac195,
balance_sheet,total_assets,Total assets,2021,59268.0,Assets,,,2021-08-29,0000909832-22-000021,2022-10-05,id3VybDovL2RvY3MudjEvZG9jOjdmOTI4MjJkZGY4NDRjMjQ5MTI2MjdiZjY4NTA5YjU2L3NlYzo3ZjkyODIyZGRmODQ0YzI0OTEyNjI3YmY2ODUwOWI1Nl84OC9mcmFnOjNmYWE1NGI1YzNmMTRhYjRhNmI0MzRlOGRiOTJlNDEyL3RhYmxlOmI3NDM3MzZiMjEzNTRkYzJhMjI1Y2FjNDlkOGYzYmE0L3RhYmxlcmFuZ2U6Yjc0MzczNmIyMTM1NGRjMmEyMjVjYWM0OWQ4ZjNiYTRfMTMtMy0xLTEtNTUwNzE_5612902a-3276-4c11-ab8f-31512a689bdc,https://www.sec.gov/Archives/edgar/data/909832/000090983222000021/cost-20220828.htm#id3VybDovL2RvY3MudjEvZG9jOjdmOTI4MjJkZGY4NDRjMjQ5MTI2MjdiZjY4NTA5YjU2L3NlYzo3ZjkyODIyZGRmODQ0YzI0OTEyNjI3YmY2ODUwOWI1Nl84OC9mcmFnOjNmYWE1NGI1YzNmMTRhYjRhNmI0MzRlOGRiOTJlNDEyL3RhYmxlOmI3NDM3MzZiMjEzNTRkYzJhMjI1Y2FjNDlkOGYzYmE0L3RhYmxlcmFuZ2U6Yjc0MzczNmIyMTM1NGRjMmEyMjVjYWM0OWQ4ZjNiYTRfMTMtMy0xLTEtNTUwNzE_5612902a-3276-4c11-ab8f-31512a689bdc,
balance_sheet,accounts_payable,Accounts payable,2021,16278.0,AccountsPayableCurrent,,,2021-08-29,0000909832-22-000021,2022-10-05,id3VybDovL2RvY3MudjEvZG9jOjdmOTI4MjJkZGY4NDRjMjQ5MTI2MjdiZjY4NTA5YjU2L3NlYzo3ZjkyODIyZGRmODQ0YzI0OTEyNjI3YmY2ODUwOWI1Nl84OC9mcmFnOjNmYWE1NGI1YzNmMTRhYjRhNmI0MzRlOGRiOTJlNDEyL3RhYmxlOmI3NDM3MzZiMjEzNTRkYzJhMjI1Y2FjNDlkOGYzYmE0L3RhYmxlcmFuZ2U6Yjc0MzczNmIyMTM1NGRjMmEyMjVjYWM0OWQ4ZjNiYTRfMTYtMy0xLTEtNTUwNzE_3baa3119-5c9e-44d8-8f11-f6fdf95a9e77,https://www.sec.gov/Archives/edgar/data/909832/000090983222000021/cost-20220828.htm#id3VybDovL2RvY3MudjEvZG9jOjdmOTI4MjJkZGY4NDRjMjQ5MTI2MjdiZjY4NTA5YjU2L3NlYzo3ZjkyODIyZGRmODQ0YzI0OTEyNjI3YmY2ODUwOWI1Nl84OC9mcmFnOjNmYWE1NGI1YzNmMTRhYjRhNmI0MzRlOGRiOTJlNDEyL3RhYmxlOmI3NDM3MzZiMjEzNTRkYzJhMjI1Y2FjNDlkOGYzYmE0L3RhYmxlcmFuZ2U6Yjc0MzczNmIyMTM1NGRjMmEyMjVjYWM0OWQ4ZjNiYTRfMTYtMy0xLTEtNTUwNzE_3baa3119-5c9e-44d8-8f11-f6fdf95a9e77,
balance_sheet,accrued_salaries,Accrued salaries and benefits,2021,4090.0,EmployeeRelatedLiabilitiesCurrent,,,2021-08-29,0000909832-22-000021,2022-10-05,id3VybDovL2RvY3MudjEvZG9jOjdmOTI4MjJkZGY4NDRjMjQ5MTI2MjdiZjY4NTA5YjU2L3NlYzo3ZjkyODIyZGRmODQ0YzI0OTEyNjI3YmY2ODUwOWI1Nl84OC9mcmFnOjNmYWE1NGI1YzNmMTRhYjRhNmI0MzRlOGRiOTJlNDEyL3RhYmxlOmI3NDM3MzZiMjEzNTRkYzJhMjI1Y2FjNDlkOGYzYmE0L3RhYmxlcmFuZ2U6Yjc0MzczNmIyMTM1NGRjMmEyMjVjYWM0OWQ4ZjNiYTRfMTctMy0xLTEtNTUwNzE_d1f446ec-f5a5-43ae-9b33-0cc9b23b6f87,https://www.sec.gov/Archives/edgar/data/909832/000090983222000021/cost-20220828.htm#id3VybDovL2RvY3MudjEvZG9jOjdmOTI4MjJkZGY4NDRjMjQ5MTI2MjdiZjY4NTA5YjU2L3NlYzo3ZjkyODIyZGRmODQ0YzI0OTEyNjI3YmY2ODUwOWI1Nl84OC9mcmFnOjNmYWE1NGI1YzNmMTRhYjRhNmI0MzRlOGRiOTJlNDEyL3RhYmxlOmI3NDM3MzZiMjEzNTRkYzJhMjI1Y2FjNDlkOGYzYmE0L3RhYmxlcmFuZ2U6Yjc0MzczNmIyMTM1NGRjMmEyMjVjYWM0OWQ4ZjNiYTRfMTctMy0xLTEtNTUwNzE_d1f446ec-f5a5-43ae-9b33-0cc9b23b6f87,
balance_sheet,accrued_member_rewards,Accrued member rewards,2021,1671.0,AccruedLiabilitiesCurrent,,,2021-08-29,0000909832-22-000021,2022-10-05,id3VybDovL2RvY3MudjEvZG9jOjdmOTI4MjJkZGY4NDRjMjQ5MTI2MjdiZjY4NTA5YjU2L3NlYzo3ZjkyODIyZGRmODQ0YzI0OTEyNjI3YmY2ODUwOWI1Nl84OC9mcmFnOjNmYWE1NGI1YzNmMTRhYjRhNmI0MzRlOGRiOTJlNDEyL3RhYmxlOmI3NDM3MzZiMjEzNTRkYzJhMjI1Y2FjNDlkOGYzYmE0L3RhYmxlcmFuZ2U6Yjc0MzczNmIyMTM1NGRjMmEyMjVjYWM0OWQ4ZjNiYTRfMTgtMy0xLTEtNTUwNzE_7ed024b3-0d7e-4b49-bb56-5e109a8250c3,https://www.sec.gov/Archives/edgar/data/909832/000090983222000021/cost-20220828.htm#id3VybDovL2RvY3MudjEvZG9jOjdmOTI4MjJkZGY4NDRjMjQ5MTI2MjdiZjY4NTA5YjU2L3NlYzo3ZjkyODIyZGRmODQ0YzI0OTEyNjI3YmY2ODUwOWI1Nl84OC9mcmFnOjNmYWE1NGI1YzNmMTRhYjRhNmI0MzRlOGRiOTJlNDEyL3RhYmxlOmI3NDM3MzZiMjEzNTRkYzJhMjI1Y2FjNDlkOGYzYmE0L3RhYmxlcmFuZ2U6Yjc0MzczNmIyMTM1NGRjMmEyMjVjYWM0OWQ4ZjNiYTRfMTgtMy0xLTEtNTUwNzE_7ed024b3-0d7e-4b49-bb56-5e109a8250c3,
balance_sheet,deferred_membership_fees,Deferred membership fees,2021,2042.0,DeferredRevenueCurrent,,,2021-08-29,0000909832-22-000021,2022-10-05,id3VybDovL2RvY3MudjEvZG9jOjdmOTI4MjJkZGY4NDRjMjQ5MTI2MjdiZjY4NTA5YjU2L3NlYzo3ZjkyODIyZGRmODQ0YzI0OTEyNjI3YmY2ODUwOWI1Nl84OC9mcmFnOjNmYWE1NGI1YzNmMTRhYjRhNmI0MzRlOGRiOTJlNDEyL3RhYmxlOmI3NDM3MzZiMjEzNTRkYzJhMjI1Y2FjNDlkOGYzYmE0L3RhYmxlcmFuZ2U6Yjc0MzczNmIyMTM1NGRjMmEyMjVjYWM0OWQ4ZjNiYTRfMTktMy0xLTEtNTUwNzE_f17dfabd-b53a-4516-aae8-825cb93cd19d,https://www.sec.gov/Archives/edgar/data/909832/000090983222000021/cost-20220828.htm#id3VybDovL2RvY3MudjEvZG9jOjdmOTI4MjJkZGY4NDRjMjQ5MTI2MjdiZjY4NTA5YjU2L3NlYzo3ZjkyODIyZGRmODQ0YzI0OTEyNjI3YmY2ODUwOWI1Nl84OC9mcmFnOjNmYWE1NGI1YzNmMTRhYjRhNmI0MzRlOGRiOTJlNDEyL3RhYmxlOmI3NDM3MzZiMjEzNTRkYzJhMjI1Y2FjNDlkOGYzYmE0L3RhYmxlcmFuZ2U6Yjc0MzczNmIyMTM1NGRjMmEyMjVjYWM0OWQ4ZjNiYTRfMTktMy0xLTEtNTUwNzE_f17dfabd-b53a-4516-aae8-825cb93cd19d,
balance_sheet,current_debt,Current portion of long-term debt,2021,799.0,LongTermDebtCurrent,,,2021-08-29,0000909832-22-000021,2022-10-05,id3VybDovL2RvY3MudjEvZG9jOjdmOTI4MjJkZGY4NDRjMjQ5MTI2MjdiZjY4NTA5YjU2L3NlYzo3ZjkyODIyZGRmODQ0YzI0OTEyNjI3YmY2ODUwOWI1Nl84OC9mcmFnOjNmYWE1NGI1YzNmMTRhYjRhNmI0MzRlOGRiOTJlNDEyL3RhYmxlOmI3NDM3MzZiMjEzNTRkYzJhMjI1Y2FjNDlkOGYzYmE0L3RhYmxlcmFuZ2U6Yjc0MzczNmIyMTM1NGRjMmEyMjVjYWM0OWQ4ZjNiYTRfMjAtMy0xLTEtNTUwNzE_305dcd76-dd29-42a8-89e0-95eb09e1446a,https://www.sec.gov/Archives/edgar/data/909832/000090983222000021/cost-20220828.htm#id3VybDovL2RvY3MudjEvZG9jOjdmOTI4MjJkZGY4NDRjMjQ5MTI2MjdiZjY4NTA5YjU2L3NlYzo3ZjkyODIyZGRmODQ0YzI0OTEyNjI3YmY2ODUwOWI1Nl84OC9mcmFnOjNmYWE1NGI1YzNmMTRhYjRhNmI0MzRlOGRiOTJlNDEyL3RhYmxlOmI3NDM3MzZiMjEzNTRkYzJhMjI1Y2FjNDlkOGYzYmE0L3RhYmxlcmFuZ2U6Yjc0MzczNmIyMTM1NGRjMmEyMjVjYWM0OWQ4ZjNiYTRfMjAtMy0xLTEtNTUwNzE_305dcd76-dd29-42a8-89e0-95eb09e1446a,
balance_sheet,other_current_liabilities,Other current liabilities,2021,4561.0,OtherLiabilitiesCurrent,,,2021-08-29,0000909832-22-000021,2022-10-05,id3VybDovL2RvY3MudjEvZG9jOjdmOTI4MjJkZGY4NDRjMjQ5MTI2MjdiZjY4NTA5YjU2L3NlYzo3ZjkyODIyZGRmODQ0YzI0OTEyNjI3YmY2ODUwOWI1Nl84OC9mcmFnOjNmYWE1NGI1YzNmMTRhYjRhNmI0MzRlOGRiOTJlNDEyL3RhYmxlOmI3NDM3MzZiMjEzNTRkYzJhMjI1Y2FjNDlkOGYzYmE0L3RhYmxlcmFuZ2U6Yjc0MzczNmIyMTM1NGRjMmEyMjVjYWM0OWQ4ZjNiYTRfMjEtMy0xLTEtNTUwNzE_5a1b2a39-0d31-4ee7-85ca-7f8de48b8c84,https://www.sec.gov/Archives/edgar/data/909832/000090983222000021/cost-20220828.htm#id3VybDovL2RvY3MudjEvZG9jOjdmOTI4MjJkZGY4NDRjMjQ5MTI2MjdiZjY4NTA5YjU2L3NlYzo3ZjkyODIyZGRmODQ0YzI0OTEyNjI3YmY2ODUwOWI1Nl84OC9mcmFnOjNmYWE1NGI1YzNmMTRhYjRhNmI0MzRlOGRiOTJlNDEyL3RhYmxlOmI3NDM3MzZiMjEzNTRkYzJhMjI1Y2FjNDlkOGYzYmE0L3RhYmxlcmFuZ2U6Yjc0MzczNmIyMTM1NGRjMmEyMjVjYWM0OWQ4ZjNiYTRfMjEtMy0xLTEtNTUwNzE_5a1b2a39-0d31-4ee7-85ca-7f8de48b8c84,
balance_sheet,total_current_liabilities,Total current liabilities,2021,29441.0,LiabilitiesCurrent,,,2021-08-29,0000909832-22-000021,2022-10-05,id3VybDovL2RvY3MudjEvZG9jOjdmOTI4MjJkZGY4NDRjMjQ5MTI2MjdiZjY4NTA5YjU2L3NlYzo3ZjkyODIyZGRmODQ0YzI0OTEyNjI3YmY2ODUwOWI1Nl84OC9mcmFnOjNmYWE1NGI1YzNmMTRhYjRhNmI0MzRlOGRiOTJlNDEyL3RhYmxlOmI3NDM3MzZiMjEzNTRkYzJhMjI1Y2FjNDlkOGYzYmE0L3RhYmxlcmFuZ2U6Yjc0MzczNmIyMTM1NGRjMmEyMjVjYWM0OWQ4ZjNiYTRfMjItMy0xLTEtNTUwNzE_0196deb2-add0-4c3d-97c5-ba8f88865577,https://www.sec.gov/Archives/edgar/data/909832/000090983222000021/cost-20220828.htm#id3VybDovL2RvY3MudjEvZG9jOjdmOTI4MjJkZGY4NDRjMjQ5MTI2MjdiZjY4NTA5YjU2L3NlYzo3ZjkyODIyZGRmODQ0YzI0OTEyNjI3YmY2ODUwOWI1Nl84OC9mcmFnOjNmYWE1NGI1YzNmMTRhYjRhNmI0MzRlOGRiOTJlNDEyL3RhYmxlOmI3NDM3MzZiMjEzNTRkYzJhMjI1Y2FjNDlkOGYzYmE0L3RhYmxlcmFuZ2U6Yjc0MzczNmIyMTM1NGRjMmEyMjVjYWM0OWQ4ZjNiYTRfMjItMy0xLTEtNTUwNzE_0196deb2-add0-4c3d-97c5-ba8f88865577,
balance_sheet,long_term_debt,"Long-term debt, excluding current portion",2021,6692.0,LongTermDebtNoncurrent,,,2021-08-29,0000909832-22-000021,2022-10-05,id3VybDovL2RvY3MudjEvZG9jOjdmOTI4MjJkZGY4NDRjMjQ5MTI2MjdiZjY4NTA5YjU2L3NlYzo3ZjkyODIyZGRmODQ0YzI0OTEyNjI3YmY2ODUwOWI1Nl84OC9mcmFnOjNmYWE1NGI1YzNmMTRhYjRhNmI0MzRlOGRiOTJlNDEyL3RhYmxlOmI3NDM3MzZiMjEzNTRkYzJhMjI1Y2FjNDlkOGYzYmE0L3RhYmxlcmFuZ2U6Yjc0MzczNmIyMTM1NGRjMmEyMjVjYWM0OWQ4ZjNiYTRfMjQtMy0xLTEtNTUwNzE_75797e68-c419-40f5-b391-5a6736e06e45,https://www.sec.gov/Archives/edgar/data/909832/000090983222000021/cost-20220828.htm#id3VybDovL2RvY3MudjEvZG9jOjdmOTI4MjJkZGY4NDRjMjQ5MTI2MjdiZjY4NTA5YjU2L3NlYzo3ZjkyODIyZGRmODQ0YzI0OTEyNjI3YmY2ODUwOWI1Nl84OC9mcmFnOjNmYWE1NGI1YzNmMTRhYjRhNmI0MzRlOGRiOTJlNDEyL3RhYmxlOmI3NDM3MzZiMjEzNTRkYzJhMjI1Y2FjNDlkOGYzYmE0L3RhYmxlcmFuZ2U6Yjc0MzczNmIyMTM1NGRjMmEyMjVjYWM0OWQ4ZjNiYTRfMjQtMy0xLTEtNTUwNzE_75797e68-c419-40f5-b391-5a6736e06e45,
balance_sheet,lt_operating_lease_liab,Long-term operating lease liabilities,2021,2642.0,OperatingLeaseLiabilityNoncurrent,,,2021-08-29,0000909832-22-000021,2022-10-05,id3VybDovL2RvY3MudjEvZG9jOjdmOTI4MjJkZGY4NDRjMjQ5MTI2MjdiZjY4NTA5YjU2L3NlYzo3ZjkyODIyZGRmODQ0YzI0OTEyNjI3YmY2ODUwOWI1Nl84OC9mcmFnOjNmYWE1NGI1YzNmMTRhYjRhNmI0MzRlOGRiOTJlNDEyL3RhYmxlOmI3NDM3MzZiMjEzNTRkYzJhMjI1Y2FjNDlkOGYzYmE0L3RhYmxlcmFuZ2U6Yjc0MzczNmIyMTM1NGRjMmEyMjVjYWM0OWQ4ZjNiYTRfMjUtMy0xLTEtNTUwNzE_ba041176-85ed-423c-bb86-d6f253ba5803,https://www.sec.gov/Archives/edgar/data/909832/000090983222000021/cost-20220828.htm#id3VybDovL2RvY3MudjEvZG9jOjdmOTI4MjJkZGY4NDRjMjQ5MTI2MjdiZjY4NTA5YjU2L3NlYzo3ZjkyODIyZGRmODQ0YzI0OTEyNjI3YmY2ODUwOWI1Nl84OC9mcmFnOjNmYWE1NGI1YzNmMTRhYjRhNmI0MzRlOGRiOTJlNDEyL3RhYmxlOmI3NDM3MzZiMjEzNTRkYzJhMjI1Y2FjNDlkOGYzYmE0L3RhYmxlcmFuZ2U6Yjc0MzczNmIyMTM1NGRjMmEyMjVjYWM0OWQ4ZjNiYTRfMjUtMy0xLTEtNTUwNzE_ba041176-85ed-423c-bb86-d6f253ba5803,
balance_sheet,other_lt_liabilities,Other long-term liabilities,2021,2415.0,OtherLiabilitiesNoncurrent,,,2021-08-29,0000909832-22-000021,2022-10-05,id3VybDovL2RvY3MudjEvZG9jOjdmOTI4MjJkZGY4NDRjMjQ5MTI2MjdiZjY4NTA5YjU2L3NlYzo3ZjkyODIyZGRmODQ0YzI0OTEyNjI3YmY2ODUwOWI1Nl84OC9mcmFnOjNmYWE1NGI1YzNmMTRhYjRhNmI0MzRlOGRiOTJlNDEyL3RhYmxlOmI3NDM3MzZiMjEzNTRkYzJhMjI1Y2FjNDlkOGYzYmE0L3RhYmxlcmFuZ2U6Yjc0MzczNmIyMTM1NGRjMmEyMjVjYWM0OWQ4ZjNiYTRfMjYtMy0xLTEtNTUwNzE_7135ca6c-7eb6-4241-a89d-27b886a6c49e,https://www.sec.gov/Archives/edgar/data/909832/000090983222000021/cost-20220828.htm#id3VybDovL2RvY3MudjEvZG9jOjdmOTI4MjJkZGY4NDRjMjQ5MTI2MjdiZjY4NTA5YjU2L3NlYzo3ZjkyODIyZGRmODQ0YzI0OTEyNjI3YmY2ODUwOWI1Nl84OC9mcmFnOjNmYWE1NGI1YzNmMTRhYjRhNmI0MzRlOGRiOTJlNDEyL3RhYmxlOmI3NDM3MzZiMjEzNTRkYzJhMjI1Y2FjNDlkOGYzYmE0L3RhYmxlcmFuZ2U6Yjc0MzczNmIyMTM1NGRjMmEyMjVjYWM0OWQ4ZjNiYTRfMjYtMy0xLTEtNTUwNzE_7135ca6c-7eb6-4241-a89d-27b886a6c49e,
balance_sheet,total_liabilities,Total liabilities,2021,41190.0,Liabilities,,,2021-08-29,0000909832-22-000021,2022-10-05,id3VybDovL2RvY3MudjEvZG9jOjdmOTI4MjJkZGY4NDRjMjQ5MTI2MjdiZjY4NTA5YjU2L3NlYzo3ZjkyODIyZGRmODQ0YzI0OTEyNjI3YmY2ODUwOWI1Nl84OC9mcmFnOjNmYWE1NGI1YzNmMTRhYjRhNmI0MzRlOGRiOTJlNDEyL3RhYmxlOmI3NDM3MzZiMjEzNTRkYzJhMjI1Y2FjNDlkOGYzYmE0L3RhYmxlcmFuZ2U6Yjc0MzczNmIyMTM1NGRjMmEyMjVjYWM0OWQ4ZjNiYTRfMjctMy0xLTEtNTUwNzE_fc3fa715-b322-4abc-b577-f50c886ebfe5,https://www.sec.gov/Archives/edgar/data/909832/000090983222000021/cost-20220828.htm#id3VybDovL2RvY3MudjEvZG9jOjdmOTI4MjJkZGY4NDRjMjQ5MTI2MjdiZjY4NTA5YjU2L3NlYzo3ZjkyODIyZGRmODQ0YzI0OTEyNjI3YmY2ODUwOWI1Nl84OC9mcmFnOjNmYWE1NGI1YzNmMTRhYjRhNmI0MzRlOGRiOTJlNDEyL3RhYmxlOmI3NDM3MzZiMjEzNTRkYzJhMjI1Y2FjNDlkOGYzYmE0L3RhYmxlcmFuZ2U6Yjc0MzczNmIyMTM1NGRjMmEyMjVjYWM0OWQ4ZjNiYTRfMjctMy0xLTEtNTUwNzE_fc3fa715-b322-4abc-b577-f50c886ebfe5,
balance_sheet,costco_equity,Total Costco stockholders' equity,2021,17564.0,StockholdersEquity,,,2021-08-29,0000909832-22-000021,2022-10-05,id3VybDovL2RvY3MudjEvZG9jOjdmOTI4MjJkZGY4NDRjMjQ5MTI2MjdiZjY4NTA5YjU2L3NlYzo3ZjkyODIyZGRmODQ0YzI0OTEyNjI3YmY2ODUwOWI1Nl84OC9mcmFnOjNmYWE1NGI1YzNmMTRhYjRhNmI0MzRlOGRiOTJlNDEyL3RhYmxlOmI3NDM3MzZiMjEzNTRkYzJhMjI1Y2FjNDlkOGYzYmE0L3RhYmxlcmFuZ2U6Yjc0MzczNmIyMTM1NGRjMmEyMjVjYWM0OWQ4ZjNiYTRfMzUtMy0xLTEtNTUwNzE_29c2028b-bb9e-4ea3-bef2-0254225eff82,https://www.sec.gov/Archives/edgar/data/909832/000090983222000021/cost-20220828.htm#id3VybDovL2RvY3MudjEvZG9jOjdmOTI4MjJkZGY4NDRjMjQ5MTI2MjdiZjY4NTA5YjU2L3NlYzo3ZjkyODIyZGRmODQ0YzI0OTEyNjI3YmY2ODUwOWI1Nl84OC9mcmFnOjNmYWE1NGI1YzNmMTRhYjRhNmI0MzRlOGRiOTJlNDEyL3RhYmxlOmI3NDM3MzZiMjEzNTRkYzJhMjI1Y2FjNDlkOGYzYmE0L3RhYmxlcmFuZ2U6Yjc0MzczNmIyMTM1NGRjMmEyMjVjYWM0OWQ4ZjNiYTRfMzUtMy0xLTEtNTUwNzE_29c2028b-bb9e-4ea3-bef2-0254225eff82,
balance_sheet,nci,Noncontrolling interests,2021,514.0,MinorityInterest,,,2021-08-29,0000909832-22-000021,2022-10-05,id3VybDovL2RvY3MudjEvZG9jOjdmOTI4MjJkZGY4NDRjMjQ5MTI2MjdiZjY4NTA5YjU2L3NlYzo3ZjkyODIyZGRmODQ0YzI0OTEyNjI3YmY2ODUwOWI1Nl84OC9mcmFnOjNmYWE1NGI1YzNmMTRhYjRhNmI0MzRlOGRiOTJlNDEyL3RhYmxlOmI3NDM3MzZiMjEzNTRkYzJhMjI1Y2FjNDlkOGYzYmE0L3RhYmxlcmFuZ2U6Yjc0MzczNmIyMTM1NGRjMmEyMjVjYWM0OWQ4ZjNiYTRfMzYtMy0xLTEtNTUwNzE_61c969ce-286c-4bf0-bc18-4b4a25f5acc8,https://www.sec.gov/Archives/edgar/data/909832/000090983222000021/cost-20220828.htm#id3VybDovL2RvY3MudjEvZG9jOjdmOTI4MjJkZGY4NDRjMjQ5MTI2MjdiZjY4NTA5YjU2L3NlYzo3ZjkyODIyZGRmODQ0YzI0OTEyNjI3YmY2ODUwOWI1Nl84OC9mcmFnOjNmYWE1NGI1YzNmMTRhYjRhNmI0MzRlOGRiOTJlNDEyL3RhYmxlOmI3NDM3MzZiMjEzNTRkYzJhMjI1Y2FjNDlkOGYzYmE0L3RhYmxlcmFuZ2U6Yjc0MzczNmIyMTM1NGRjMmEyMjVjYWM0OWQ4ZjNiYTRfMzYtMy0xLTEtNTUwNzE_61c969ce-286c-4bf0-bc18-4b4a25f5acc8,
balance_sheet,total_equity,Total equity,2021,18078.0,StockholdersEquityIncludingPortionAttributableToNoncontrollingInterest,,,2021-08-29,0000909832-22-000021,2022-10-05,id3VybDovL2RvY3MudjEvZG9jOjdmOTI4MjJkZGY4NDRjMjQ5MTI2MjdiZjY4NTA5YjU2L3NlYzo3ZjkyODIyZGRmODQ0YzI0OTEyNjI3YmY2ODUwOWI1Nl84OC9mcmFnOjNmYWE1NGI1YzNmMTRhYjRhNmI0MzRlOGRiOTJlNDEyL3RhYmxlOmI3NDM3MzZiMjEzNTRkYzJhMjI1Y2FjNDlkOGYzYmE0L3RhYmxlcmFuZ2U6Yjc0MzczNmIyMTM1NGRjMmEyMjVjYWM0OWQ4ZjNiYTRfMzctMy0xLTEtNTUwNzE_6784e8e2-4601-4373-a017-47675792ca8d,https://www.sec.gov/Archives/edgar/data/909832/000090983222000021/cost-20220828.htm#id3VybDovL2RvY3MudjEvZG9jOjdmOTI4MjJkZGY4NDRjMjQ5MTI2MjdiZjY4NTA5YjU2L3NlYzo3ZjkyODIyZGRmODQ0YzI0OTEyNjI3YmY2ODUwOWI1Nl84OC9mcmFnOjNmYWE1NGI1YzNmMTRhYjRhNmI0MzRlOGRiOTJlNDEyL3RhYmxlOmI3NDM3MzZiMjEzNTRkYzJhMjI1Y2FjNDlkOGYzYmE0L3RhYmxlcmFuZ2U6Yjc0MzczNmIyMTM1NGRjMmEyMjVjYWM0OWQ4ZjNiYTRfMzctMy0xLTEtNTUwNzE_6784e8e2-4601-4373-a017-47675792ca8d,
balance_sheet,total_liabilities_equity,Total liabilities and equity,2021,59268.0,LiabilitiesAndStockholdersEquity,,,2021-08-29,0000909832-22-000021,2022-10-05,id3VybDovL2RvY3MudjEvZG9jOjdmOTI4MjJkZGY4NDRjMjQ5MTI2MjdiZjY4NTA5YjU2L3NlYzo3ZjkyODIyZGRmODQ0YzI0OTEyNjI3YmY2ODUwOWI1Nl84OC9mcmFnOjNmYWE1NGI1YzNmMTRhYjRhNmI0MzRlOGRiOTJlNDEyL3RhYmxlOmI3NDM3MzZiMjEzNTRkYzJhMjI1Y2FjNDlkOGYzYmE0L3RhYmxlcmFuZ2U6Yjc0MzczNmIyMTM1NGRjMmEyMjVjYWM0OWQ4ZjNiYTRfMzgtMy0xLTEtNTUwNzE_e15fc09f-43c5-4231-a805-b575864583c0,https://www.sec.gov/Archives/edgar/data/909832/000090983222000021/cost-20220828.htm#id3VybDovL2RvY3MudjEvZG9jOjdmOTI4MjJkZGY4NDRjMjQ5MTI2MjdiZjY4NTA5YjU2L3NlYzo3ZjkyODIyZGRmODQ0YzI0OTEyNjI3YmY2ODUwOWI1Nl84OC9mcmFnOjNmYWE1NGI1YzNmMTRhYjRhNmI0MzRlOGRiOTJlNDEyL3RhYmxlOmI3NDM3MzZiMjEzNTRkYzJhMjI1Y2FjNDlkOGYzYmE0L3RhYmxlcmFuZ2U6Yjc0MzczNmIyMTM1NGRjMmEyMjVjYWM0OWQ4ZjNiYTRfMzgtMy0xLTEtNTUwNzE_e15fc09f-43c5-4231-a805-b575864583c0,
balance_sheet,shares_outstanding,Common shares outstanding (m),2021,441.825,CommonStockSharesOutstanding,,,2021-08-29,0000909832-22-000021,2022-10-05,id3VybDovL2RvY3MudjEvZG9jOjdmOTI4MjJkZGY4NDRjMjQ5MTI2MjdiZjY4NTA5YjU2L3NlYzo3ZjkyODIyZGRmODQ0YzI0OTEyNjI3YmY2ODUwOWI1Nl85MS9mcmFnOmI3OGZlMzNiMWIwNDQ0NjM4NGZhZDdiYjliYmFhNmM4L3RhYmxlOjgzYzA1YjU1MzFmYjQ5YzRhZGM5ZTU5ZmYyYzU4Y2Q4L3RhYmxlcmFuZ2U6ODNjMDViNTUzMWZiNDljNGFkYzllNTlmZjJjNThjZDhfOS0yLTEtMS01NTA3MQ_81519795-10f0-45eb-a813-54a6f68154b6,https://www.sec.gov/Archives/edgar/data/909832/000090983222000021/cost-20220828.htm#id3VybDovL2RvY3MudjEvZG9jOjdmOTI4MjJkZGY4NDRjMjQ5MTI2MjdiZjY4NTA5YjU2L3NlYzo3ZjkyODIyZGRmODQ0YzI0OTEyNjI3YmY2ODUwOWI1Nl85MS9mcmFnOmI3OGZlMzNiMWIwNDQ0NjM4NGZhZDdiYjliYmFhNmM4L3RhYmxlOjgzYzA1YjU1MzFmYjQ5YzRhZGM5ZTU5ZmYyYzU4Y2Q4L3RhYmxlcmFuZ2U6ODNjMDViNTUzMWZiNDljNGFkYzllNTlmZjJjNThjZDhfOS0yLTEtMS01NTA3MQ_81519795-10f0-45eb-a813-54a6f68154b6,
balance_sheet,cash,Cash and cash equivalents,2022,10203.0,CashAndCashEquivalentsAtCarryingValue,,,2022-08-28,0000909832-23-000042,2023-10-11,f-103,https://www.sec.gov/Archives/edgar/data/909832/000090983223000042/cost-20230903.htm#f-103,
balance_sheet,short_term_investments,Short-term investments,2022,846.0,ShortTermInvestments,,,2022-08-28,0000909832-23-000042,2023-10-11,f-105,https://www.sec.gov/Archives/edgar/data/909832/000090983223000042/cost-20230903.htm#f-105,
balance_sheet,receivables,"Receivables, net",2022,2241.0,ReceivablesNetCurrent,,,2022-08-28,0000909832-23-000042,2023-10-11,f-107,https://www.sec.gov/Archives/edgar/data/909832/000090983223000042/cost-20230903.htm#f-107,
balance_sheet,inventories,Merchandise inventories,2022,17907.0,InventoryNet,,,2022-08-28,0000909832-23-000042,2023-10-11,f-109,https://www.sec.gov/Archives/edgar/data/909832/000090983223000042/cost-20230903.htm#f-109,
balance_sheet,other_current_assets,Other current assets,2022,1499.0,OtherAssetsCurrent,,,2022-08-28,0000909832-23-000042,2023-10-11,f-111,https://www.sec.gov/Archives/edgar/data/909832/000090983223000042/cost-20230903.htm#f-111,
balance_sheet,total_current_assets,Total current assets,2022,32696.0,AssetsCurrent,,,2022-08-28,0000909832-23-000042,2023-10-11,f-113,https://www.sec.gov/Archives/edgar/data/909832/000090983223000042/cost-20230903.htm#f-113,
balance_sheet,ppe_net,"Property and equipment, net",2022,24646.0,PropertyPlantAndEquipmentNet,,,2022-08-28,0000909832-23-000042,2023-10-11,f-115,https://www.sec.gov/Archives/edgar/data/909832/000090983223000042/cost-20230903.htm#f-115,
balance_sheet,operating_lease_rou,Operating lease right-of-use assets,2022,2774.0,OperatingLeaseRightOfUseAsset,,,2022-08-28,0000909832-23-000042,2023-10-11,f-117,https://www.sec.gov/Archives/edgar/data/909832/000090983223000042/cost-20230903.htm#f-117,
balance_sheet,other_lt_assets,Other long-term assets,2022,4050.0,OtherAssetsNoncurrent,,,2022-08-28,0000909832-23-000042,2023-10-11,f-119,https://www.sec.gov/Archives/edgar/data/909832/000090983223000042/cost-20230903.htm#f-119,
balance_sheet,total_assets,Total assets,2022,64166.0,Assets,,,2022-08-28,0000909832-23-000042,2023-10-11,f-121,https://www.sec.gov/Archives/edgar/data/909832/000090983223000042/cost-20230903.htm#f-121,
balance_sheet,accounts_payable,Accounts payable,2022,17848.0,AccountsPayableCurrent,,,2022-08-28,0000909832-23-000042,2023-10-11,f-123,https://www.sec.gov/Archives/edgar/data/909832/000090983223000042/cost-20230903.htm#f-123,
balance_sheet,accrued_salaries,Accrued salaries and benefits,2022,4381.0,EmployeeRelatedLiabilitiesCurrent,,,2022-08-28,0000909832-23-000042,2023-10-11,f-125,https://www.sec.gov/Archives/edgar/data/909832/000090983223000042/cost-20230903.htm#f-125,
balance_sheet,accrued_member_rewards,Accrued member rewards,2022,1911.0,AccruedLiabilitiesCurrent,,,2022-08-28,0000909832-23-000042,2023-10-11,f-127,https://www.sec.gov/Archives/edgar/data/909832/000090983223000042/cost-20230903.htm#f-127,
balance_sheet,deferred_membership_fees,Deferred membership fees,2022,2174.0,DeferredRevenueCurrent,,,2022-08-28,0000909832-23-000042,2023-10-11,f-129,https://www.sec.gov/Archives/edgar/data/909832/000090983223000042/cost-20230903.htm#f-129,
balance_sheet,current_debt,Current portion of long-term debt,2022,73.0,LongTermDebtCurrent,,,2022-08-28,0000909832-23-000042,2023-10-11,f-131,https://www.sec.gov/Archives/edgar/data/909832/000090983223000042/cost-20230903.htm#f-131,
balance_sheet,other_current_liabilities,Other current liabilities,2022,5611.0,OtherLiabilitiesCurrent,,,2022-08-28,0000909832-23-000042,2023-10-11,f-133,https://www.sec.gov/Archives/edgar/data/909832/000090983223000042/cost-20230903.htm#f-133,
balance_sheet,total_current_liabilities,Total current liabilities,2022,31998.0,LiabilitiesCurrent,,,2022-08-28,0000909832-23-000042,2023-10-11,f-135,https://www.sec.gov/Archives/edgar/data/909832/000090983223000042/cost-20230903.htm#f-135,
balance_sheet,long_term_debt,"Long-term debt, excluding current portion",2022,6484.0,LongTermDebtNoncurrent,,,2022-08-28,0000909832-23-000042,2023-10-11,f-137,https://www.sec.gov/Archives/edgar/data/909832/000090983223000042/cost-20230903.htm#f-137,
balance_sheet,lt_operating_lease_liab,Long-term operating lease liabilities,2022,2482.0,OperatingLeaseLiabilityNoncurrent,,,2022-08-28,0000909832-23-000042,2023-10-11,f-139,https://www.sec.gov/Archives/edgar/data/909832/000090983223000042/cost-20230903.htm#f-139,
balance_sheet,other_lt_liabilities,Other long-term liabilities,2022,2555.0,OtherLiabilitiesNoncurrent,,,2022-08-28,0000909832-23-000042,2023-10-11,f-141,https://www.sec.gov/Archives/edgar/data/909832/000090983223000042/cost-20230903.htm#f-141,
balance_sheet,total_liabilities,Total liabilities,2022,43519.0,Liabilities,,,2022-08-28,0000909832-23-000042,2023-10-11,f-143,https://www.sec.gov/Archives/edgar/data/909832/000090983223000042/cost-20230903.htm#f-143,
balance_sheet,costco_equity,Total Costco stockholders' equity,2022,20642.0,StockholdersEquity,,,2022-08-28,0000909832-23-000042,2023-10-11,f-161,https://www.sec.gov/Archives/edgar/data/909832/000090983223000042/cost-20230903.htm#f-161,
balance_sheet,nci,Noncontrolling interests,2022,5.0,MinorityInterest,,,2022-08-28,0000909832-23-000042,2023-10-11,f-163,https://www.sec.gov/Archives/edgar/data/909832/000090983223000042/cost-20230903.htm#f-163,
balance_sheet,total_equity,Total equity,2022,20647.0,StockholdersEquityIncludingPortionAttributableToNoncontrollingInterest,,,2022-08-28,0000909832-23-000042,2023-10-11,f-165,https://www.sec.gov/Archives/edgar/data/909832/000090983223000042/cost-20230903.htm#f-165,
balance_sheet,total_liabilities_equity,Total liabilities and equity,2022,64166.0,LiabilitiesAndStockholdersEquity,,,2022-08-28,0000909832-23-000042,2023-10-11,f-167,https://www.sec.gov/Archives/edgar/data/909832/000090983223000042/cost-20230903.htm#f-167,
balance_sheet,shares_outstanding,Common shares outstanding (m),2022,442.664,CommonStockSharesOutstanding,,,2022-08-28,0000909832-23-000042,2023-10-11,f-183,https://www.sec.gov/Archives/edgar/data/909832/000090983223000042/cost-20230903.htm#f-183,
balance_sheet,cash,Cash and cash equivalents,2023,13700.0,CashAndCashEquivalentsAtCarryingValue,,,2023-09-03,0000909832-24-000049,2024-10-09,f-103,https://www.sec.gov/Archives/edgar/data/909832/000090983224000049/cost-20240901.htm#f-103,
balance_sheet,short_term_investments,Short-term investments,2023,1534.0,ShortTermInvestments,,,2023-09-03,0000909832-24-000049,2024-10-09,f-105,https://www.sec.gov/Archives/edgar/data/909832/000090983224000049/cost-20240901.htm#f-105,
balance_sheet,receivables,"Receivables, net",2023,2285.0,ReceivablesNetCurrent,,,2023-09-03,0000909832-24-000049,2024-10-09,f-107,https://www.sec.gov/Archives/edgar/data/909832/000090983224000049/cost-20240901.htm#f-107,
balance_sheet,inventories,Merchandise inventories,2023,16651.0,InventoryNet,,,2023-09-03,0000909832-24-000049,2024-10-09,f-109,https://www.sec.gov/Archives/edgar/data/909832/000090983224000049/cost-20240901.htm#f-109,
balance_sheet,other_current_assets,Other current assets,2023,1709.0,OtherAssetsCurrent,,,2023-09-03,0000909832-24-000049,2024-10-09,f-111,https://www.sec.gov/Archives/edgar/data/909832/000090983224000049/cost-20240901.htm#f-111,
balance_sheet,total_current_assets,Total current assets,2023,35879.0,AssetsCurrent,,,2023-09-03,0000909832-24-000049,2024-10-09,f-113,https://www.sec.gov/Archives/edgar/data/909832/000090983224000049/cost-20240901.htm#f-113,
balance_sheet,ppe_net,"Property and equipment, net",2023,26684.0,PropertyPlantAndEquipmentNet,,,2023-09-03,0000909832-24-000049,2024-10-09,f-115,https://www.sec.gov/Archives/edgar/data/909832/000090983224000049/cost-20240901.htm#f-115,
balance_sheet,operating_lease_rou,Operating lease right-of-use assets,2023,2713.0,OperatingLeaseRightOfUseAsset,,,2023-09-03,0000909832-24-000049,2024-10-09,f-117,https://www.sec.gov/Archives/edgar/data/909832/000090983224000049/cost-20240901.htm#f-117,
balance_sheet,other_lt_assets,Other long-term assets,2023,3718.0,OtherAssetsNoncurrent,,,2023-09-03,0000909832-24-000049,2024-10-09,f-119,https://www.sec.gov/Archives/edgar/data/909832/000090983224000049/cost-20240901.htm#f-119,
balance_sheet,total_assets,Total assets,2023,68994.0,Assets,,,2023-09-03,0000909832-24-000049,2024-10-09,f-121,https://www.sec.gov/Archives/edgar/data/909832/000090983224000049/cost-20240901.htm#f-121,
balance_sheet,accounts_payable,Accounts payable,2023,17483.0,AccountsPayableCurrent,,,2023-09-03,0000909832-24-000049,2024-10-09,f-123,https://www.sec.gov/Archives/edgar/data/909832/000090983224000049/cost-20240901.htm#f-123,
balance_sheet,accrued_salaries,Accrued salaries and benefits,2023,4278.0,EmployeeRelatedLiabilitiesCurrent,,,2023-09-03,0000909832-24-000049,2024-10-09,f-125,https://www.sec.gov/Archives/edgar/data/909832/000090983224000049/cost-20240901.htm#f-125,
balance_sheet,accrued_member_rewards,Accrued member rewards,2023,2150.0,AccruedLiabilitiesCurrent,,,2023-09-03,0000909832-24-000049,2024-10-09,f-127,https://www.sec.gov/Archives/edgar/data/909832/000090983224000049/cost-20240901.htm#f-127,
balance_sheet,deferred_membership_fees,Deferred membership fees,2023,2337.0,DeferredRevenueCurrent,,,2023-09-03,0000909832-24-000049,2024-10-09,f-129,https://www.sec.gov/Archives/edgar/data/909832/000090983224000049/cost-20240901.htm#f-129,
balance_sheet,current_debt,Current portion of long-term debt,2023,1081.0,LongTermDebtCurrent,,,2023-09-03,0000909832-24-000049,2024-10-09,f-131,https://www.sec.gov/Archives/edgar/data/909832/000090983224000049/cost-20240901.htm#f-131,
balance_sheet,other_current_liabilities,Other current liabilities,2023,6254.0,OtherLiabilitiesCurrent,,,2023-09-03,0000909832-24-000049,2024-10-09,f-133,https://www.sec.gov/Archives/edgar/data/909832/000090983224000049/cost-20240901.htm#f-133,
balance_sheet,total_current_liabilities,Total current liabilities,2023,33583.0,LiabilitiesCurrent,,,2023-09-03,0000909832-24-000049,2024-10-09,f-135,https://www.sec.gov/Archives/edgar/data/909832/000090983224000049/cost-20240901.htm#f-135,
balance_sheet,long_term_debt,"Long-term debt, excluding current portion",2023,5377.0,LongTermDebtNoncurrent,,,2023-09-03,0000909832-24-000049,2024-10-09,f-137,https://www.sec.gov/Archives/edgar/data/909832/000090983224000049/cost-20240901.htm#f-137,
balance_sheet,lt_operating_lease_liab,Long-term operating lease liabilities,2023,2426.0,OperatingLeaseLiabilityNoncurrent,,,2023-09-03,0000909832-24-000049,2024-10-09,f-139,https://www.sec.gov/Archives/edgar/data/909832/000090983224000049/cost-20240901.htm#f-139,
balance_sheet,other_lt_liabilities,Other long-term liabilities,2023,2550.0,OtherLiabilitiesNoncurrent,,,2023-09-03,0000909832-24-000049,2024-10-09,f-141,https://www.sec.gov/Archives/edgar/data/909832/000090983224000049/cost-20240901.htm#f-141,
balance_sheet,total_liabilities,Total liabilities,2023,43936.0,Liabilities,,,2023-09-03,0000909832-24-000049,2024-10-09,f-143,https://www.sec.gov/Archives/edgar/data/909832/000090983224000049/cost-20240901.htm#f-143,
balance_sheet,costco_equity,Total Costco stockholders' equity,2023,25058.0,StockholdersEquity,,,2023-09-03,0000909832-24-000049,2024-10-09,f-161,https://www.sec.gov/Archives/edgar/data/909832/000090983224000049/cost-20240901.htm#f-161,
balance_sheet,nci,Noncontrolling interests,2023,0.0,,,,,,,,,Not presented as a separate line in 0000909832-24-000049; set to 0
balance_sheet,total_equity,Total equity,2023,25058.0,StockholdersEquityIncludingPortionAttributableToNoncontrollingInterest,,,2023-09-03,0000909832-24-000049,2024-10-09,f-258,https://www.sec.gov/Archives/edgar/data/909832/000090983224000049/cost-20240901.htm#f-258,
balance_sheet,total_liabilities_equity,Total liabilities and equity,2023,68994.0,LiabilitiesAndStockholdersEquity,,,2023-09-03,0000909832-24-000049,2024-10-09,f-163,https://www.sec.gov/Archives/edgar/data/909832/000090983224000049/cost-20240901.htm#f-163,
balance_sheet,shares_outstanding,Common shares outstanding (m),2023,442.793,CommonStockSharesOutstanding,,,2023-09-03,0000909832-24-000049,2024-10-09,f-179,https://www.sec.gov/Archives/edgar/data/909832/000090983224000049/cost-20240901.htm#f-179,
balance_sheet,cash,Cash and cash equivalents,2024,9906.0,CashAndCashEquivalentsAtCarryingValue,,,2024-09-01,0000909832-24-000049,2024-10-09,f-102,https://www.sec.gov/Archives/edgar/data/909832/000090983224000049/cost-20240901.htm#f-102,
balance_sheet,short_term_investments,Short-term investments,2024,1238.0,ShortTermInvestments,,,2024-09-01,0000909832-24-000049,2024-10-09,f-104,https://www.sec.gov/Archives/edgar/data/909832/000090983224000049/cost-20240901.htm#f-104,
balance_sheet,receivables,"Receivables, net",2024,2721.0,ReceivablesNetCurrent,,,2024-09-01,0000909832-24-000049,2024-10-09,f-106,https://www.sec.gov/Archives/edgar/data/909832/000090983224000049/cost-20240901.htm#f-106,
balance_sheet,inventories,Merchandise inventories,2024,18647.0,InventoryNet,,,2024-09-01,0000909832-24-000049,2024-10-09,f-108,https://www.sec.gov/Archives/edgar/data/909832/000090983224000049/cost-20240901.htm#f-108,
balance_sheet,other_current_assets,Other current assets,2024,1734.0,OtherAssetsCurrent,,,2024-09-01,0000909832-24-000049,2024-10-09,f-110,https://www.sec.gov/Archives/edgar/data/909832/000090983224000049/cost-20240901.htm#f-110,
balance_sheet,total_current_assets,Total current assets,2024,34246.0,AssetsCurrent,,,2024-09-01,0000909832-24-000049,2024-10-09,f-112,https://www.sec.gov/Archives/edgar/data/909832/000090983224000049/cost-20240901.htm#f-112,
balance_sheet,ppe_net,"Property and equipment, net",2024,29032.0,PropertyPlantAndEquipmentNet,,,2024-09-01,0000909832-24-000049,2024-10-09,f-114,https://www.sec.gov/Archives/edgar/data/909832/000090983224000049/cost-20240901.htm#f-114,
balance_sheet,operating_lease_rou,Operating lease right-of-use assets,2024,2617.0,OperatingLeaseRightOfUseAsset,,,2024-09-01,0000909832-24-000049,2024-10-09,f-116,https://www.sec.gov/Archives/edgar/data/909832/000090983224000049/cost-20240901.htm#f-116,
balance_sheet,other_lt_assets,Other long-term assets,2024,3936.0,OtherAssetsNoncurrent,,,2024-09-01,0000909832-24-000049,2024-10-09,f-118,https://www.sec.gov/Archives/edgar/data/909832/000090983224000049/cost-20240901.htm#f-118,
balance_sheet,total_assets,Total assets,2024,69831.0,Assets,,,2024-09-01,0000909832-24-000049,2024-10-09,f-120,https://www.sec.gov/Archives/edgar/data/909832/000090983224000049/cost-20240901.htm#f-120,
balance_sheet,accounts_payable,Accounts payable,2024,19421.0,AccountsPayableCurrent,,,2024-09-01,0000909832-24-000049,2024-10-09,f-122,https://www.sec.gov/Archives/edgar/data/909832/000090983224000049/cost-20240901.htm#f-122,
balance_sheet,accrued_salaries,Accrued salaries and benefits,2024,4794.0,EmployeeRelatedLiabilitiesCurrent,,,2024-09-01,0000909832-24-000049,2024-10-09,f-124,https://www.sec.gov/Archives/edgar/data/909832/000090983224000049/cost-20240901.htm#f-124,
balance_sheet,accrued_member_rewards,Accrued member rewards,2024,2435.0,AccruedLiabilitiesCurrent,,,2024-09-01,0000909832-24-000049,2024-10-09,f-126,https://www.sec.gov/Archives/edgar/data/909832/000090983224000049/cost-20240901.htm#f-126,
balance_sheet,deferred_membership_fees,Deferred membership fees,2024,2501.0,DeferredRevenueCurrent,,,2024-09-01,0000909832-24-000049,2024-10-09,f-128,https://www.sec.gov/Archives/edgar/data/909832/000090983224000049/cost-20240901.htm#f-128,
balance_sheet,current_debt,Current portion of long-term debt,2024,103.0,LongTermDebtCurrent,,,2024-09-01,0000909832-24-000049,2024-10-09,f-130,https://www.sec.gov/Archives/edgar/data/909832/000090983224000049/cost-20240901.htm#f-130,
balance_sheet,other_current_liabilities,Other current liabilities,2024,6210.0,OtherLiabilitiesCurrent,,,2024-09-01,0000909832-24-000049,2024-10-09,f-132,https://www.sec.gov/Archives/edgar/data/909832/000090983224000049/cost-20240901.htm#f-132,
balance_sheet,total_current_liabilities,Total current liabilities,2024,35464.0,LiabilitiesCurrent,,,2024-09-01,0000909832-24-000049,2024-10-09,f-134,https://www.sec.gov/Archives/edgar/data/909832/000090983224000049/cost-20240901.htm#f-134,
balance_sheet,long_term_debt,"Long-term debt, excluding current portion",2024,5794.0,LongTermDebtNoncurrent,,,2024-09-01,0000909832-24-000049,2024-10-09,f-136,https://www.sec.gov/Archives/edgar/data/909832/000090983224000049/cost-20240901.htm#f-136,
balance_sheet,lt_operating_lease_liab,Long-term operating lease liabilities,2024,2375.0,OperatingLeaseLiabilityNoncurrent,,,2024-09-01,0000909832-24-000049,2024-10-09,f-138,https://www.sec.gov/Archives/edgar/data/909832/000090983224000049/cost-20240901.htm#f-138,
balance_sheet,other_lt_liabilities,Other long-term liabilities,2024,2576.0,OtherLiabilitiesNoncurrent,,,2024-09-01,0000909832-24-000049,2024-10-09,f-140,https://www.sec.gov/Archives/edgar/data/909832/000090983224000049/cost-20240901.htm#f-140,
balance_sheet,total_liabilities,Total liabilities,2024,46209.0,Liabilities,,,2024-09-01,0000909832-24-000049,2024-10-09,f-142,https://www.sec.gov/Archives/edgar/data/909832/000090983224000049/cost-20240901.htm#f-142,
balance_sheet,costco_equity,Total Costco stockholders' equity,2024,23622.0,StockholdersEquity,,,2024-09-01,0000909832-24-000049,2024-10-09,f-160,https://www.sec.gov/Archives/edgar/data/909832/000090983224000049/cost-20240901.htm#f-160,
balance_sheet,nci,Noncontrolling interests,2024,0.0,,,,,,,,,Not presented as a separate line in 0000909832-24-000049; set to 0
balance_sheet,total_equity,Total equity,2024,23622.0,StockholdersEquityIncludingPortionAttributableToNoncontrollingInterest,,,2024-09-01,0000909832-24-000049,2024-10-09,f-287,https://www.sec.gov/Archives/edgar/data/909832/000090983224000049/cost-20240901.htm#f-287,
balance_sheet,total_liabilities_equity,Total liabilities and equity,2024,69831.0,LiabilitiesAndStockholdersEquity,,,2024-09-01,0000909832-24-000049,2024-10-09,f-162,https://www.sec.gov/Archives/edgar/data/909832/000090983224000049/cost-20240901.htm#f-162,
balance_sheet,shares_outstanding,Common shares outstanding (m),2024,443.126,CommonStockSharesOutstanding,,,2024-09-01,0000909832-24-000049,2024-10-09,f-178,https://www.sec.gov/Archives/edgar/data/909832/000090983224000049/cost-20240901.htm#f-178,
cash_flow,cfo,Net cash provided by operating activities,2020,8861.0,NetCashProvidedByUsedInOperatingActivities,,2019-09-02,2020-08-30,0000909832-22-000021,2022-10-05,id3VybDovL2RvY3MudjEvZG9jOjdmOTI4MjJkZGY4NDRjMjQ5MTI2MjdiZjY4NTA5YjU2L3NlYzo3ZjkyODIyZGRmODQ0YzI0OTEyNjI3YmY2ODUwOWI1Nl85Ny9mcmFnOmMwMWRhNmFkYTE2MTRiZGM4MTE2NGVhN2ZhOGY0OTI5L3RhYmxlOjkyODU0ZmYyODE1NDQ1YjA4Y2E2OTRiNzJiMjMxMzkwL3RhYmxlcmFuZ2U6OTI4NTRmZjI4MTU0NDViMDhjYTY5NGI3MmIyMzEzOTBfMTQtNS0xLTEtNTUwNzE_902547af-8fdd-4c39-81b3-98fa489e363b,https://www.sec.gov/Archives/edgar/data/909832/000090983222000021/cost-20220828.htm#id3VybDovL2RvY3MudjEvZG9jOjdmOTI4MjJkZGY4NDRjMjQ5MTI2MjdiZjY4NTA5YjU2L3NlYzo3ZjkyODIyZGRmODQ0YzI0OTEyNjI3YmY2ODUwOWI1Nl85Ny9mcmFnOmMwMWRhNmFkYTE2MTRiZGM4MTE2NGVhN2ZhOGY0OTI5L3RhYmxlOjkyODU0ZmYyODE1NDQ1YjA4Y2E2OTRiNzJiMjMxMzkwL3RhYmxlcmFuZ2U6OTI4NTRmZjI4MTU0NDViMDhjYTY5NGI3MmIyMzEzOTBfMTQtNS0xLTEtNTUwNzE_902547af-8fdd-4c39-81b3-98fa489e363b,
cash_flow,d_and_a,Depreciation and amortization,2020,1645.0,DepreciationDepletionAndAmortization,,2019-09-02,2020-08-30,0000909832-22-000021,2022-10-05,id3VybDovL2RvY3MudjEvZG9jOjdmOTI4MjJkZGY4NDRjMjQ5MTI2MjdiZjY4NTA5YjU2L3NlYzo3ZjkyODIyZGRmODQ0YzI0OTEyNjI3YmY2ODUwOWI1Nl85Ny9mcmFnOmMwMWRhNmFkYTE2MTRiZGM4MTE2NGVhN2ZhOGY0OTI5L3RhYmxlOjkyODU0ZmYyODE1NDQ1YjA4Y2E2OTRiNzJiMjMxMzkwL3RhYmxlcmFuZ2U6OTI4NTRmZjI4MTU0NDViMDhjYTY5NGI3MmIyMzEzOTBfNS01LTEtMS01NTA3MQ_6964432b-fdd5-442e-abf9-69e77fc0a706,https://www.sec.gov/Archives/edgar/data/909832/000090983222000021/cost-20220828.htm#id3VybDovL2RvY3MudjEvZG9jOjdmOTI4MjJkZGY4NDRjMjQ5MTI2MjdiZjY4NTA5YjU2L3NlYzo3ZjkyODIyZGRmODQ0YzI0OTEyNjI3YmY2ODUwOWI1Nl85Ny9mcmFnOmMwMWRhNmFkYTE2MTRiZGM4MTE2NGVhN2ZhOGY0OTI5L3RhYmxlOjkyODU0ZmYyODE1NDQ1YjA4Y2E2OTRiNzJiMjMxMzkwL3RhYmxlcmFuZ2U6OTI4NTRmZjI4MTU0NDViMDhjYTY5NGI3MmIyMzEzOTBfNS01LTEtMS01NTA3MQ_6964432b-fdd5-442e-abf9-69e77fc0a706,
cash_flow,sbc,Stock-based compensation,2020,619.0,ShareBasedCompensation,,2019-09-02,2020-08-30,0000909832-22-000021,2022-10-05,id3VybDovL2RvY3MudjEvZG9jOjdmOTI4MjJkZGY4NDRjMjQ5MTI2MjdiZjY4NTA5YjU2L3NlYzo3ZjkyODIyZGRmODQ0YzI0OTEyNjI3YmY2ODUwOWI1Nl85Ny9mcmFnOmMwMWRhNmFkYTE2MTRiZGM4MTE2NGVhN2ZhOGY0OTI5L3RhYmxlOjkyODU0ZmYyODE1NDQ1YjA4Y2E2OTRiNzJiMjMxMzkwL3RhYmxlcmFuZ2U6OTI4NTRmZjI4MTU0NDViMDhjYTY5NGI3MmIyMzEzOTBfNy01LTEtMS01NTA3MQ_66633857-e675-418a-b311-79bc8c33cc56,https://www.sec.gov/Archives/edgar/data/909832/000090983222000021/cost-20220828.htm#id3VybDovL2RvY3MudjEvZG9jOjdmOTI4MjJkZGY4NDRjMjQ5MTI2MjdiZjY4NTA5YjU2L3NlYzo3ZjkyODIyZGRmODQ0YzI0OTEyNjI3YmY2ODUwOWI1Nl85Ny9mcmFnOmMwMWRhNmFkYTE2MTRiZGM4MTE2NGVhN2ZhOGY0OTI5L3RhYmxlOjkyODU0ZmYyODE1NDQ1YjA4Y2E2OTRiNzJiMjMxMzkwL3RhYmxlcmFuZ2U6OTI4NTRmZjI4MTU0NDViMDhjYTY5NGI3MmIyMzEzOTBfNy01LTEtMS01NTA3MQ_66633857-e675-418a-b311-79bc8c33cc56,
cash_flow,chg_inventories,(Increase) decrease in merchandise inventories,2020,791.0,IncreaseDecreaseInInventories,,2019-09-02,2020-08-30,0000909832-22-000021,2022-10-05,id3VybDovL2RvY3MudjEvZG9jOjdmOTI4MjJkZGY4NDRjMjQ5MTI2MjdiZjY4NTA5YjU2L3NlYzo3ZjkyODIyZGRmODQ0YzI0OTEyNjI3YmY2ODUwOWI1Nl85Ny9mcmFnOmMwMWRhNmFkYTE2MTRiZGM4MTE2NGVhN2ZhOGY0OTI5L3RhYmxlOjkyODU0ZmYyODE1NDQ1YjA4Y2E2OTRiNzJiMjMxMzkwL3RhYmxlcmFuZ2U6OTI4NTRmZjI4MTU0NDViMDhjYTY5NGI3MmIyMzEzOTBfMTEtNS0xLTEtNTUwNzE_334fbd80-1f19-4ef0-805c-024830e53495,https://www.sec.gov/Archives/edgar/data/909832/000090983222000021/cost-20220828.htm#id3VybDovL2RvY3MudjEvZG9jOjdmOTI4MjJkZGY4NDRjMjQ5MTI2MjdiZjY4NTA5YjU2L3NlYzo3ZjkyODIyZGRmODQ0YzI0OTEyNjI3YmY2ODUwOWI1Nl85Ny9mcmFnOmMwMWRhNmFkYTE2MTRiZGM4MTE2NGVhN2ZhOGY0OTI5L3RhYmxlOjkyODU0ZmYyODE1NDQ1YjA4Y2E2OTRiNzJiMjMxMzkwL3RhYmxlcmFuZ2U6OTI4NTRmZjI4MTU0NDViMDhjYTY5NGI3MmIyMzEzOTBfMTEtNS0xLTEtNTUwNzE_334fbd80-1f19-4ef0-805c-024830e53495,
cash_flow,chg_accounts_payable,Increase in accounts payable,2020,2261.0,IncreaseDecreaseInAccountsPayable,,2019-09-02,2020-08-30,0000909832-22-000021,2022-10-05,id3VybDovL2RvY3MudjEvZG9jOjdmOTI4MjJkZGY4NDRjMjQ5MTI2MjdiZjY4NTA5YjU2L3NlYzo3ZjkyODIyZGRmODQ0YzI0OTEyNjI3YmY2ODUwOWI1Nl85Ny9mcmFnOmMwMWRhNmFkYTE2MTRiZGM4MTE2NGVhN2ZhOGY0OTI5L3RhYmxlOjkyODU0ZmYyODE1NDQ1YjA4Y2E2OTRiNzJiMjMxMzkwL3RhYmxlcmFuZ2U6OTI4NTRmZjI4MTU0NDViMDhjYTY5NGI3MmIyMzEzOTBfMTItNS0xLTEtNTUwNzE_115f7962-29e0-4de0-8ae0-0f57534f353d,https://www.sec.gov/Archives/edgar/data/909832/000090983222000021/cost-20220828.htm#id3VybDovL2RvY3MudjEvZG9jOjdmOTI4MjJkZGY4NDRjMjQ5MTI2MjdiZjY4NTA5YjU2L3NlYzo3ZjkyODIyZGRmODQ0YzI0OTEyNjI3YmY2ODUwOWI1Nl85Ny9mcmFnOmMwMWRhNmFkYTE2MTRiZGM4MTE2NGVhN2ZhOGY0OTI5L3RhYmxlOjkyODU0ZmYyODE1NDQ1YjA4Y2E2OTRiNzJiMjMxMzkwL3RhYmxlcmFuZ2U6OTI4NTRmZjI4MTU0NDViMDhjYTY5NGI3MmIyMzEzOTBfMTItNS0xLTEtNTUwNzE_115f7962-29e0-4de0-8ae0-0f57534f353d,
cash_flow,chg_other_wc,"Other operating assets and liabilities, net",2020,-728.0,IncreaseDecreaseInOtherOperatingCapitalNet,,2019-09-02,2020-08-30,0000909832-22-000021,2022-10-05,id3VybDovL2RvY3MudjEvZG9jOjdmOTI4MjJkZGY4NDRjMjQ5MTI2MjdiZjY4NTA5YjU2L3NlYzo3ZjkyODIyZGRmODQ0YzI0OTEyNjI3YmY2ODUwOWI1Nl85Ny9mcmFnOmMwMWRhNmFkYTE2MTRiZGM4MTE2NGVhN2ZhOGY0OTI5L3RhYmxlOjkyODU0ZmYyODE1NDQ1YjA4Y2E2OTRiNzJiMjMxMzkwL3RhYmxlcmFuZ2U6OTI4NTRmZjI4MTU0NDViMDhjYTY5NGI3MmIyMzEzOTBfMTMtNS0xLTEtNTUwNzE_5ce2ea9f-1f9c-4c9c-96e9-0808c56ae479,https://www.sec.gov/Archives/edgar/data/909832/000090983222000021/cost-20220828.htm#id3VybDovL2RvY3MudjEvZG9jOjdmOTI4MjJkZGY4NDRjMjQ5MTI2MjdiZjY4NTA5YjU2L3NlYzo3ZjkyODIyZGRmODQ0YzI0OTEyNjI3YmY2ODUwOWI1Nl85Ny9mcmFnOmMwMWRhNmFkYTE2MTRiZGM4MTE2NGVhN2ZhOGY0OTI5L3RhYmxlOjkyODU0ZmYyODE1NDQ1YjA4Y2E2OTRiNzJiMjMxMzkwL3RhYmxlcmFuZ2U6OTI4NTRmZjI4MTU0NDViMDhjYTY5NGI3MmIyMzEzOTBfMTMtNS0xLTEtNTUwNzE_5ce2ea9f-1f9c-4c9c-96e9-0808c56ae479,
cash_flow,capex,Additions to property and equipment,2020,2810.0,PaymentsToAcquirePropertyPlantAndEquipment,,2019-09-02,2020-08-30,0000909832-22-000021,2022-10-05,id3VybDovL2RvY3MudjEvZG9jOjdmOTI4MjJkZGY4NDRjMjQ5MTI2MjdiZjY4NTA5YjU2L3NlYzo3ZjkyODIyZGRmODQ0YzI0OTEyNjI3YmY2ODUwOWI1Nl85Ny9mcmFnOmMwMWRhNmFkYTE2MTRiZGM4MTE2NGVhN2ZhOGY0OTI5L3RhYmxlOjkyODU0ZmYyODE1NDQ1YjA4Y2E2OTRiNzJiMjMxMzkwL3RhYmxlcmFuZ2U6OTI4NTRmZjI4MTU0NDViMDhjYTY5NGI3MmIyMzEzOTBfMTgtNS0xLTEtNTUwNzE_79765401-40b7-4f4d-879b-6a01faf3e50b,https://www.sec.gov/Archives/edgar/data/909832/000090983222000021/cost-20220828.htm#id3VybDovL2RvY3MudjEvZG9jOjdmOTI4MjJkZGY4NDRjMjQ5MTI2MjdiZjY4NTA5YjU2L3NlYzo3ZjkyODIyZGRmODQ0YzI0OTEyNjI3YmY2ODUwOWI1Nl85Ny9mcmFnOmMwMWRhNmFkYTE2MTRiZGM4MTE2NGVhN2ZhOGY0OTI5L3RhYmxlOjkyODU0ZmYyODE1NDQ1YjA4Y2E2OTRiNzJiMjMxMzkwL3RhYmxlcmFuZ2U6OTI4NTRmZjI4MTU0NDViMDhjYTY5NGI3MmIyMzEzOTBfMTgtNS0xLTEtNTUwNzE_79765401-40b7-4f4d-879b-6a01faf3e50b,
cash_flow,cfi,Net cash used in investing activities,2020,-3891.0,NetCashProvidedByUsedInInvestingActivities,,2019-09-02,2020-08-30,0000909832-22-000021,2022-10-05,id3VybDovL2RvY3MudjEvZG9jOjdmOTI4MjJkZGY4NDRjMjQ5MTI2MjdiZjY4NTA5YjU2L3NlYzo3ZjkyODIyZGRmODQ0YzI0OTEyNjI3YmY2ODUwOWI1Nl85Ny9mcmFnOmMwMWRhNmFkYTE2MTRiZGM4MTE2NGVhN2ZhOGY0OTI5L3RhYmxlOjkyODU0ZmYyODE1NDQ1YjA4Y2E2OTRiNzJiMjMxMzkwL3RhYmxlcmFuZ2U6OTI4NTRmZjI4MTU0NDViMDhjYTY5NGI3MmIyMzEzOTBfMjEtNS0xLTEtNTUwNzE_52ff57e7-9310-483c-b7aa-186cac85557f,https://www.sec.gov/Archives/edgar/data/909832/000090983222000021/cost-20220828.htm#id3VybDovL2RvY3MudjEvZG9jOjdmOTI4MjJkZGY4NDRjMjQ5MTI2MjdiZjY4NTA5YjU2L3NlYzo3ZjkyODIyZGRmODQ0YzI0OTEyNjI3YmY2ODUwOWI1Nl85Ny9mcmFnOmMwMWRhNmFkYTE2MTRiZGM4MTE2NGVhN2ZhOGY0OTI5L3RhYmxlOjkyODU0ZmYyODE1NDQ1YjA4Y2E2OTRiNzJiMjMxMzkwL3RhYmxlcmFuZ2U6OTI4NTRmZjI4MTU0NDViMDhjYTY5NGI3MmIyMzEzOTBfMjEtNS0xLTEtNTUwNzE_52ff57e7-9310-483c-b7aa-186cac85557f,
cash_flow,dividends_paid,Cash dividend payments,2020,1479.0,PaymentsOfDividendsCommonStock,,2019-09-02,2020-08-30,0000909832-22-000021,2022-10-05,id3VybDovL2RvY3MudjEvZG9jOjdmOTI4MjJkZGY4NDRjMjQ5MTI2MjdiZjY4NTA5YjU2L3NlYzo3ZjkyODIyZGRmODQ0YzI0OTEyNjI3YmY2ODUwOWI1Nl85Ny9mcmFnOmMwMWRhNmFkYTE2MTRiZGM4MTE2NGVhN2ZhOGY0OTI5L3RhYmxlOjkyODU0ZmYyODE1NDQ1YjA4Y2E2OTRiNzJiMjMxMzkwL3RhYmxlcmFuZ2U6OTI4NTRmZjI4MTU0NDViMDhjYTY5NGI3MmIyMzEzOTBfMzItNS0xLTEtNTUwNzE_72d834ac-efcd-4250-b305-6b1ec660a7c9,https://www.sec.gov/Archives/edgar/data/909832/000090983222000021/cost-20220828.htm#id3VybDovL2RvY3MudjEvZG9jOjdmOTI4MjJkZGY4NDRjMjQ5MTI2MjdiZjY4NTA5YjU2L3NlYzo3ZjkyODIyZGRmODQ0YzI0OTEyNjI3YmY2ODUwOWI1Nl85Ny9mcmFnOmMwMWRhNmFkYTE2MTRiZGM4MTE2NGVhN2ZhOGY0OTI5L3RhYmxlOjkyODU0ZmYyODE1NDQ1YjA4Y2E2OTRiNzJiMjMxMzkwL3RhYmxlcmFuZ2U6OTI4NTRmZjI4MTU0NDViMDhjYTY5NGI3MmIyMzEzOTBfMzItNS0xLTEtNTUwNzE_72d834ac-efcd-4250-b305-6b1ec660a7c9,
cash_flow,buybacks,Repurchases of common stock,2020,196.0,PaymentsForRepurchaseOfCommonStock,,2019-09-02,2020-08-30,0000909832-22-000021,2022-10-05,id3VybDovL2RvY3MudjEvZG9jOjdmOTI4MjJkZGY4NDRjMjQ5MTI2MjdiZjY4NTA5YjU2L3NlYzo3ZjkyODIyZGRmODQ0YzI0OTEyNjI3YmY2ODUwOWI1Nl85Ny9mcmFnOmMwMWRhNmFkYTE2MTRiZGM4MTE2NGVhN2ZhOGY0OTI5L3RhYmxlOjkyODU0ZmYyODE1NDQ1YjA4Y2E2OTRiNzJiMjMxMzkwL3RhYmxlcmFuZ2U6OTI4NTRmZjI4MTU0NDViMDhjYTY5NGI3MmIyMzEzOTBfMzEtNS0xLTEtNTUwNzE_74bca078-6f53-4f01-bfeb-aa57763d84b8,https://www.sec.gov/Archives/edgar/data/909832/000090983222000021/cost-20220828.htm#id3VybDovL2RvY3MudjEvZG9jOjdmOTI4MjJkZGY4NDRjMjQ5MTI2MjdiZjY4NTA5YjU2L3NlYzo3ZjkyODIyZGRmODQ0YzI0OTEyNjI3YmY2ODUwOWI1Nl85Ny9mcmFnOmMwMWRhNmFkYTE2MTRiZGM4MTE2NGVhN2ZhOGY0OTI5L3RhYmxlOjkyODU0ZmYyODE1NDQ1YjA4Y2E2OTRiNzJiMjMxMzkwL3RhYmxlcmFuZ2U6OTI4NTRmZjI4MTU0NDViMDhjYTY5NGI3MmIyMzEzOTBfMzEtNS0xLTEtNTUwNzE_74bca078-6f53-4f01-bfeb-aa57763d84b8,
cash_flow,debt_issued,Proceeds from issuance of long-term debt,2020,3992.0,ProceedsFromIssuanceOfLongTermDebt,,2019-09-02,2020-08-30,0000909832-22-000021,2022-10-05,id3VybDovL2RvY3MudjEvZG9jOjdmOTI4MjJkZGY4NDRjMjQ5MTI2MjdiZjY4NTA5YjU2L3NlYzo3ZjkyODIyZGRmODQ0YzI0OTEyNjI3YmY2ODUwOWI1Nl85Ny9mcmFnOmMwMWRhNmFkYTE2MTRiZGM4MTE2NGVhN2ZhOGY0OTI5L3RhYmxlOjkyODU0ZmYyODE1NDQ1YjA4Y2E2OTRiNzJiMjMxMzkwL3RhYmxlcmFuZ2U6OTI4NTRmZjI4MTU0NDViMDhjYTY5NGI3MmIyMzEzOTBfMjYtNS0xLTEtNTUwNzE_b8da8161-677f-49f1-9d7a-e2e6dc5df642,https://www.sec.gov/Archives/edgar/data/909832/000090983222000021/cost-20220828.htm#id3VybDovL2RvY3MudjEvZG9jOjdmOTI4MjJkZGY4NDRjMjQ5MTI2MjdiZjY4NTA5YjU2L3NlYzo3ZjkyODIyZGRmODQ0YzI0OTEyNjI3YmY2ODUwOWI1Nl85Ny9mcmFnOmMwMWRhNmFkYTE2MTRiZGM4MTE2NGVhN2ZhOGY0OTI5L3RhYmxlOjkyODU0ZmYyODE1NDQ1YjA4Y2E2OTRiNzJiMjMxMzkwL3RhYmxlcmFuZ2U6OTI4NTRmZjI4MTU0NDViMDhjYTY5NGI3MmIyMzEzOTBfMjYtNS0xLTEtNTUwNzE_b8da8161-677f-49f1-9d7a-e2e6dc5df642,
cash_flow,debt_repaid,Repayments of long-term debt,2020,3200.0,RepaymentsOfLongTermDebt,,2019-09-02,2020-08-30,0000909832-22-000021,2022-10-05,id3VybDovL2RvY3MudjEvZG9jOjdmOTI4MjJkZGY4NDRjMjQ5MTI2MjdiZjY4NTA5YjU2L3NlYzo3ZjkyODIyZGRmODQ0YzI0OTEyNjI3YmY2ODUwOWI1Nl85Ny9mcmFnOmMwMWRhNmFkYTE2MTRiZGM4MTE2NGVhN2ZhOGY0OTI5L3RhYmxlOjkyODU0ZmYyODE1NDQ1YjA4Y2E2OTRiNzJiMjMxMzkwL3RhYmxlcmFuZ2U6OTI4NTRmZjI4MTU0NDViMDhjYTY5NGI3MmIyMzEzOTBfMjctNS0xLTEtNTUwNzE_8722e3dd-8e72-4045-9be0-1eaa36aa320a,https://www.sec.gov/Archives/edgar/data/909832/000090983222000021/cost-20220828.htm#id3VybDovL2RvY3MudjEvZG9jOjdmOTI4MjJkZGY4NDRjMjQ5MTI2MjdiZjY4NTA5YjU2L3NlYzo3ZjkyODIyZGRmODQ0YzI0OTEyNjI3YmY2ODUwOWI1Nl85Ny9mcmFnOmMwMWRhNmFkYTE2MTRiZGM4MTE2NGVhN2ZhOGY0OTI5L3RhYmxlOjkyODU0ZmYyODE1NDQ1YjA4Y2E2OTRiNzJiMjMxMzkwL3RhYmxlcmFuZ2U6OTI4NTRmZjI4MTU0NDViMDhjYTY5NGI3MmIyMzEzOTBfMjctNS0xLTEtNTUwNzE_8722e3dd-8e72-4045-9be0-1eaa36aa320a,
cash_flow,cff,Net cash used in financing activities,2020,-1147.0,NetCashProvidedByUsedInFinancingActivities,,2019-09-02,2020-08-30,0000909832-22-000021,2022-10-05,id3VybDovL2RvY3MudjEvZG9jOjdmOTI4MjJkZGY4NDRjMjQ5MTI2MjdiZjY4NTA5YjU2L3NlYzo3ZjkyODIyZGRmODQ0YzI0OTEyNjI3YmY2ODUwOWI1Nl85Ny9mcmFnOmMwMWRhNmFkYTE2MTRiZGM4MTE2NGVhN2ZhOGY0OTI5L3RhYmxlOjkyODU0ZmYyODE1NDQ1YjA4Y2E2OTRiNzJiMjMxMzkwL3RhYmxlcmFuZ2U6OTI4NTRmZjI4MTU0NDViMDhjYTY5NGI3MmIyMzEzOTBfMzQtNS0xLTEtNTUwNzE_3a94b44a-f3bb-4720-9b91-f574090ea22f,https://www.sec.gov/Archives/edgar/data/909832/000090983222000021/cost-20220828.htm#id3VybDovL2RvY3MudjEvZG9jOjdmOTI4MjJkZGY4NDRjMjQ5MTI2MjdiZjY4NTA5YjU2L3NlYzo3ZjkyODIyZGRmODQ0YzI0OTEyNjI3YmY2ODUwOWI1Nl85Ny9mcmFnOmMwMWRhNmFkYTE2MTRiZGM4MTE2NGVhN2ZhOGY0OTI5L3RhYmxlOjkyODU0ZmYyODE1NDQ1YjA4Y2E2OTRiNzJiMjMxMzkwL3RhYmxlcmFuZ2U6OTI4NTRmZjI4MTU0NDViMDhjYTY5NGI3MmIyMzEzOTBfMzQtNS0xLTEtNTUwNzE_3a94b44a-f3bb-4720-9b91-f574090ea22f,
cash_flow,fx_effect,Effect of exchange rates on cash,2020,70.0,EffectOfExchangeRateOnCashCashEquivalentsRestrictedCashAndRestrictedCashEquivalents,,2019-09-02,2020-08-30,0000909832-22-000021,2022-10-05,id3VybDovL2RvY3MudjEvZG9jOjdmOTI4MjJkZGY4NDRjMjQ5MTI2MjdiZjY4NTA5YjU2L3NlYzo3ZjkyODIyZGRmODQ0YzI0OTEyNjI3YmY2ODUwOWI1Nl85Ny9mcmFnOmMwMWRhNmFkYTE2MTRiZGM4MTE2NGVhN2ZhOGY0OTI5L3RhYmxlOjkyODU0ZmYyODE1NDQ1YjA4Y2E2OTRiNzJiMjMxMzkwL3RhYmxlcmFuZ2U6OTI4NTRmZjI4MTU0NDViMDhjYTY5NGI3MmIyMzEzOTBfMzUtNS0xLTEtNTUwNzE_4f2a9471-8c39-485f-85f5-a873bd39f384,https://www.sec.gov/Archives/edgar/data/909832/000090983222000021/cost-20220828.htm#id3VybDovL2RvY3MudjEvZG9jOjdmOTI4MjJkZGY4NDRjMjQ5MTI2MjdiZjY4NTA5YjU2L3NlYzo3ZjkyODIyZGRmODQ0YzI0OTEyNjI3YmY2ODUwOWI1Nl85Ny9mcmFnOmMwMWRhNmFkYTE2MTRiZGM4MTE2NGVhN2ZhOGY0OTI5L3RhYmxlOjkyODU0ZmYyODE1NDQ1YjA4Y2E2OTRiNzJiMjMxMzkwL3RhYmxlcmFuZ2U6OTI4NTRmZjI4MTU0NDViMDhjYTY5NGI3MmIyMzEzOTBfMzUtNS0xLTEtNTUwNzE_4f2a9471-8c39-485f-85f5-a873bd39f384,
cash_flow,net_change_cash,Net change in cash and cash equivalents,2020,3893.0,CashCashEquivalentsRestrictedCashAndRestrictedCashEquivalentsPeriodIncreaseDecreaseIncludingExchangeRateEffect,,2019-09-02,2020-08-30,0000909832-22-000021,2022-10-05,id3VybDovL2RvY3MudjEvZG9jOjdmOTI4MjJkZGY4NDRjMjQ5MTI2MjdiZjY4NTA5YjU2L3NlYzo3ZjkyODIyZGRmODQ0YzI0OTEyNjI3YmY2ODUwOWI1Nl85Ny9mcmFnOmMwMWRhNmFkYTE2MTRiZGM4MTE2NGVhN2ZhOGY0OTI5L3RhYmxlOjkyODU0ZmYyODE1NDQ1YjA4Y2E2OTRiNzJiMjMxMzkwL3RhYmxlcmFuZ2U6OTI4NTRmZjI4MTU0NDViMDhjYTY5NGI3MmIyMzEzOTBfMzYtNS0xLTEtNTUwNzE_b65c9e68-594a-4c97-8229-68cdb814578f,https://www.sec.gov/Archives/edgar/data/909832/000090983222000021/cost-20220828.htm#id3VybDovL2RvY3MudjEvZG9jOjdmOTI4MjJkZGY4NDRjMjQ5MTI2MjdiZjY4NTA5YjU2L3NlYzo3ZjkyODIyZGRmODQ0YzI0OTEyNjI3YmY2ODUwOWI1Nl85Ny9mcmFnOmMwMWRhNmFkYTE2MTRiZGM4MTE2NGVhN2ZhOGY0OTI5L3RhYmxlOjkyODU0ZmYyODE1NDQ1YjA4Y2E2OTRiNzJiMjMxMzkwL3RhYmxlcmFuZ2U6OTI4NTRmZjI4MTU0NDViMDhjYTY5NGI3MmIyMzEzOTBfMzYtNS0xLTEtNTUwNzE_b65c9e68-594a-4c97-8229-68cdb814578f,
cash_flow,income_taxes_paid,Income taxes paid (supplemental),2020,1052.0,IncomeTaxesPaid,,2019-09-02,2020-08-30,0000909832-22-000021,2022-10-05,id3VybDovL2RvY3MudjEvZG9jOjdmOTI4MjJkZGY4NDRjMjQ5MTI2MjdiZjY4NTA5YjU2L3NlYzo3ZjkyODIyZGRmODQ0YzI0OTEyNjI3YmY2ODUwOWI1Nl85Ny9mcmFnOmMwMWRhNmFkYTE2MTRiZGM4MTE2NGVhN2ZhOGY0OTI5L3RhYmxlOjkyODU0ZmYyODE1NDQ1YjA4Y2E2OTRiNzJiMjMxMzkwL3RhYmxlcmFuZ2U6OTI4NTRmZjI4MTU0NDViMDhjYTY5NGI3MmIyMzEzOTBfNDMtNS0xLTEtNTUwNzE_4c78c08a-d63f-4c03-b384-9263440c9760,https://www.sec.gov/Archives/edgar/data/909832/000090983222000021/cost-20220828.htm#id3VybDovL2RvY3MudjEvZG9jOjdmOTI4MjJkZGY4NDRjMjQ5MTI2MjdiZjY4NTA5YjU2L3NlYzo3ZjkyODIyZGRmODQ0YzI0OTEyNjI3YmY2ODUwOWI1Nl85Ny9mcmFnOmMwMWRhNmFkYTE2MTRiZGM4MTE2NGVhN2ZhOGY0OTI5L3RhYmxlOjkyODU0ZmYyODE1NDQ1YjA4Y2E2OTRiNzJiMjMxMzkwL3RhYmxlcmFuZ2U6OTI4NTRmZjI4MTU0NDViMDhjYTY5NGI3MmIyMzEzOTBfNDMtNS0xLTEtNTUwNzE_4c78c08a-d63f-4c03-b384-9263440c9760,
cash_flow,interest_paid,Interest paid (supplemental),2020,124.0,InterestPaidNet,,2019-09-02,2020-08-30,0000909832-22-000021,2022-10-05,id3VybDovL2RvY3MudjEvZG9jOjdmOTI4MjJkZGY4NDRjMjQ5MTI2MjdiZjY4NTA5YjU2L3NlYzo3ZjkyODIyZGRmODQ0YzI0OTEyNjI3YmY2ODUwOWI1Nl85Ny9mcmFnOmMwMWRhNmFkYTE2MTRiZGM4MTE2NGVhN2ZhOGY0OTI5L3RhYmxlOjkyODU0ZmYyODE1NDQ1YjA4Y2E2OTRiNzJiMjMxMzkwL3RhYmxlcmFuZ2U6OTI4NTRmZjI4MTU0NDViMDhjYTY5NGI3MmIyMzEzOTBfNDItNS0xLTEtNTUwNzE_572b037a-231d-4384-9105-64a99ada1a3e,https://www.sec.gov/Archives/edgar/data/909832/000090983222000021/cost-20220828.htm#id3VybDovL2RvY3MudjEvZG9jOjdmOTI4MjJkZGY4NDRjMjQ5MTI2MjdiZjY4NTA5YjU2L3NlYzo3ZjkyODIyZGRmODQ0YzI0OTEyNjI3YmY2ODUwOWI1Nl85Ny9mcmFnOmMwMWRhNmFkYTE2MTRiZGM4MTE2NGVhN2ZhOGY0OTI5L3RhYmxlOjkyODU0ZmYyODE1NDQ1YjA4Y2E2OTRiNzJiMjMxMzkwL3RhYmxlcmFuZ2U6OTI4NTRmZjI4MTU0NDViMDhjYTY5NGI3MmIyMzEzOTBfNDItNS0xLTEtNTUwNzE_572b037a-231d-4384-9105-64a99ada1a3e,
cash_flow,cfo,Net cash provided by operating activities,2021,8958.0,NetCashProvidedByUsedInOperatingActivities,,2020-08-31,2021-08-29,0000909832-23-000042,2023-10-11,f-322,https://www.sec.gov/Archives/edgar/data/909832/000090983223000042/cost-20230903.htm#f-322,
cash_flow,d_and_a,Depreciation and amortization,2021,1781.0,DepreciationDepletionAndAmortization,,2020-08-31,2021-08-29,0000909832-23-000042,2023-10-11,f-301,https://www.sec.gov/Archives/edgar/data/909832/000090983223000042/cost-20230903.htm#f-301,
cash_flow,sbc,Stock-based compensation,2021,665.0,ShareBasedCompensation,,2020-08-31,2021-08-29,0000909832-23-000042,2023-10-11,f-307,https://www.sec.gov/Archives/edgar/data/909832/000090983223000042/cost-20230903.htm#f-307,
cash_flow,chg_inventories,(Increase) decrease in merchandise inventories,2021,1892.0,IncreaseDecreaseInInventories,,2020-08-31,2021-08-29,0000909832-23-000042,2023-10-11,f-313,https://www.sec.gov/Archives/edgar/data/909832/000090983223000042/cost-20230903.htm#f-313,
cash_flow,chg_accounts_payable,Increase in accounts payable,2021,1838.0,IncreaseDecreaseInAccountsPayable,,2020-08-31,2021-08-29,0000909832-23-000042,2023-10-11,f-316,https://www.sec.gov/Archives/edgar/data/909832/000090983223000042/cost-20230903.htm#f-316,
cash_flow,chg_other_wc,"Other operating assets and liabilities, net",2021,-1057.0,IncreaseDecreaseInOtherOperatingCapitalNet,,2020-08-31,2021-08-29,0000909832-23-000042,2023-10-11,f-319,https://www.sec.gov/Archives/edgar/data/909832/000090983223000042/cost-20230903.htm#f-319,
cash_flow,capex,Additions to property and equipment,2021,3588.0,PaymentsToAcquirePropertyPlantAndEquipment,,2020-08-31,2021-08-29,0000909832-23-000042,2023-10-11,f-331,https://www.sec.gov/Archives/edgar/data/909832/000090983223000042/cost-20230903.htm#f-331,
cash_flow,cfi,Net cash used in investing activities,2021,-3535.0,NetCashProvidedByUsedInInvestingActivities,,2020-08-31,2021-08-29,0000909832-23-000042,2023-10-11,f-337,https://www.sec.gov/Archives/edgar/data/909832/000090983223000042/cost-20230903.htm#f-337,
cash_flow,dividends_paid,Cash dividend payments,2021,5748.0,PaymentsOfDividendsCommonStock,,2020-08-31,2021-08-29,0000909832-23-000042,2023-10-11,f-355,https://www.sec.gov/Archives/edgar/data/909832/000090983223000042/cost-20230903.htm#f-355,
cash_flow,buybacks,Repurchases of common stock,2021,496.0,PaymentsForRepurchaseOfCommonStock,,2020-08-31,2021-08-29,0000909832-23-000042,2023-10-11,f-352,https://www.sec.gov/Archives/edgar/data/909832/000090983223000042/cost-20230903.htm#f-352,
cash_flow,debt_issued,Proceeds from issuance of long-term debt,2021,0.0,,,,,,,,,Not presented as a separate line in 0000909832-23-000042; set to 0
cash_flow,debt_repaid,Repayments of long-term debt,2021,94.0,RepaymentsOfLongTermDebt,,2020-08-31,2021-08-29,0000909832-23-000042,2023-10-11,f-346,https://www.sec.gov/Archives/edgar/data/909832/000090983223000042/cost-20230903.htm#f-346,
cash_flow,cff,Net cash used in financing activities,2021,-6488.0,NetCashProvidedByUsedInFinancingActivities,,2020-08-31,2021-08-29,0000909832-23-000042,2023-10-11,f-370,https://www.sec.gov/Archives/edgar/data/909832/000090983223000042/cost-20230903.htm#f-370,
cash_flow,fx_effect,Effect of exchange rates on cash,2021,46.0,EffectOfExchangeRateOnCashCashEquivalentsRestrictedCashAndRestrictedCashEquivalents,,2020-08-31,2021-08-29,0000909832-23-000042,2023-10-11,f-373,https://www.sec.gov/Archives/edgar/data/909832/000090983223000042/cost-20230903.htm#f-373,
cash_flow,net_change_cash,Net change in cash and cash equivalents,2021,-1019.0,CashCashEquivalentsRestrictedCashAndRestrictedCashEquivalentsPeriodIncreaseDecreaseIncludingExchangeRateEffect,,2020-08-31,2021-08-29,0000909832-23-000042,2023-10-11,f-376,https://www.sec.gov/Archives/edgar/data/909832/000090983223000042/cost-20230903.htm#f-376,
cash_flow,income_taxes_paid,Income taxes paid (supplemental),2021,1527.0,IncomeTaxesPaid,,2020-08-31,2021-08-29,0000909832-23-000042,2023-10-11,f-388,https://www.sec.gov/Archives/edgar/data/909832/000090983223000042/cost-20230903.htm#f-388,
cash_flow,interest_paid,Interest paid (supplemental),2021,149.0,InterestPaidNet,,2020-08-31,2021-08-29,0000909832-23-000042,2023-10-11,f-385,https://www.sec.gov/Archives/edgar/data/909832/000090983223000042/cost-20230903.htm#f-385,
cash_flow,cfo,Net cash provided by operating activities,2022,7392.0,NetCashProvidedByUsedInOperatingActivities,,2021-08-30,2022-08-28,0000909832-24-000049,2024-10-09,f-314,https://www.sec.gov/Archives/edgar/data/909832/000090983224000049/cost-20240901.htm#f-314,
cash_flow,d_and_a,Depreciation and amortization,2022,1900.0,DepreciationDepletionAndAmortization,,2021-08-30,2022-08-28,0000909832-24-000049,2024-10-09,f-293,https://www.sec.gov/Archives/edgar/data/909832/000090983224000049/cost-20240901.htm#f-293,
cash_flow,sbc,Stock-based compensation,2022,724.0,ShareBasedCompensation,,2021-08-30,2022-08-28,0000909832-24-000049,2024-10-09,f-299,https://www.sec.gov/Archives/edgar/data/909832/000090983224000049/cost-20240901.htm#f-299,
cash_flow,chg_inventories,(Increase) decrease in merchandise inventories,2022,4003.0,IncreaseDecreaseInInventories,,2021-08-30,2022-08-28,0000909832-24-000049,2024-10-09,f-305,https://www.sec.gov/Archives/edgar/data/909832/000090983224000049/cost-20240901.htm#f-305,
cash_flow,chg_accounts_payable,Increase in accounts payable,2022,1891.0,IncreaseDecreaseInAccountsPayable,,2021-08-30,2022-08-28,0000909832-24-000049,2024-10-09,f-308,https://www.sec.gov/Archives/edgar/data/909832/000090983224000049/cost-20240901.htm#f-308,
cash_flow,chg_other_wc,"Other operating assets and liabilities, net",2022,-549.0,IncreaseDecreaseInOtherOperatingCapitalNet,,2021-08-30,2022-08-28,0000909832-24-000049,2024-10-09,f-311,https://www.sec.gov/Archives/edgar/data/909832/000090983224000049/cost-20240901.htm#f-311,
cash_flow,capex,Additions to property and equipment,2022,3891.0,PaymentsToAcquirePropertyPlantAndEquipment,,2021-08-30,2022-08-28,0000909832-24-000049,2024-10-09,f-323,https://www.sec.gov/Archives/edgar/data/909832/000090983224000049/cost-20240901.htm#f-323,
cash_flow,cfi,Net cash used in investing activities,2022,-3915.0,NetCashProvidedByUsedInInvestingActivities,,2021-08-30,2022-08-28,0000909832-24-000049,2024-10-09,f-329,https://www.sec.gov/Archives/edgar/data/909832/000090983224000049/cost-20240901.htm#f-329,
cash_flow,dividends_paid,Cash dividend payments,2022,1498.0,PaymentsOfDividendsCommonStock,,2021-08-30,2022-08-28,0000909832-24-000049,2024-10-09,f-350,https://www.sec.gov/Archives/edgar/data/909832/000090983224000049/cost-20240901.htm#f-350,
cash_flow,buybacks,Repurchases of common stock,2022,439.0,PaymentsForRepurchaseOfCommonStock,,2021-08-30,2022-08-28,0000909832-24-000049,2024-10-09,f-347,https://www.sec.gov/Archives/edgar/data/909832/000090983224000049/cost-20240901.htm#f-347,
cash_flow,debt_issued,Proceeds from issuance of long-term debt,2022,0.0,ProceedsFromIssuanceOfLongTermDebt,,2021-08-30,2022-08-28,0000909832-24-000049,2024-10-09,f-341,https://www.sec.gov/Archives/edgar/data/909832/000090983224000049/cost-20240901.htm#f-341,
cash_flow,debt_repaid,Repayments of long-term debt,2022,800.0,RepaymentsOfLongTermDebt,,2021-08-30,2022-08-28,0000909832-24-000049,2024-10-09,f-338,https://www.sec.gov/Archives/edgar/data/909832/000090983224000049/cost-20240901.htm#f-338,
cash_flow,cff,Net cash used in financing activities,2022,-4283.0,NetCashProvidedByUsedInFinancingActivities,,2021-08-30,2022-08-28,0000909832-24-000049,2024-10-09,f-362,https://www.sec.gov/Archives/edgar/data/909832/000090983224000049/cost-20240901.htm#f-362,
cash_flow,fx_effect,Effect of exchange rates on cash,2022,-249.0,EffectOfExchangeRateOnCashCashEquivalentsRestrictedCashAndRestrictedCashEquivalents,,2021-08-30,2022-08-28,0000909832-24-000049,2024-10-09,f-365,https://www.sec.gov/Archives/edgar/data/909832/000090983224000049/cost-20240901.htm#f-365,
cash_flow,net_change_cash,Net change in cash and cash equivalents,2022,-1055.0,CashCashEquivalentsRestrictedCashAndRestrictedCashEquivalentsPeriodIncreaseDecreaseIncludingExchangeRateEffect,,2021-08-30,2022-08-28,0000909832-24-000049,2024-10-09,f-368,https://www.sec.gov/Archives/edgar/data/909832/000090983224000049/cost-20240901.htm#f-368,
cash_flow,income_taxes_paid,Income taxes paid (supplemental),2022,1940.0,IncomeTaxesPaid,,2021-08-30,2022-08-28,0000909832-24-000049,2024-10-09,f-380,https://www.sec.gov/Archives/edgar/data/909832/000090983224000049/cost-20240901.htm#f-380,
cash_flow,interest_paid,Interest paid (supplemental),2022,145.0,InterestPaidNet,,2021-08-30,2022-08-28,0000909832-24-000049,2024-10-09,f-377,https://www.sec.gov/Archives/edgar/data/909832/000090983224000049/cost-20240901.htm#f-377,
cash_flow,cfo,Net cash provided by operating activities,2023,11068.0,NetCashProvidedByUsedInOperatingActivities,,2022-08-29,2023-09-03,0000909832-24-000049,2024-10-09,f-313,https://www.sec.gov/Archives/edgar/data/909832/000090983224000049/cost-20240901.htm#f-313,
cash_flow,d_and_a,Depreciation and amortization,2023,2077.0,DepreciationDepletionAndAmortization,,2022-08-29,2023-09-03,0000909832-24-000049,2024-10-09,f-292,https://www.sec.gov/Archives/edgar/data/909832/000090983224000049/cost-20240901.htm#f-292,
cash_flow,sbc,Stock-based compensation,2023,774.0,ShareBasedCompensation,,2022-08-29,2023-09-03,0000909832-24-000049,2024-10-09,f-298,https://www.sec.gov/Archives/edgar/data/909832/000090983224000049/cost-20240901.htm#f-298,
cash_flow,chg_inventories,(Increase) decrease in merchandise inventories,2023,-1228.0,IncreaseDecreaseInInventories,,2022-08-29,2023-09-03,0000909832-24-000049,2024-10-09,f-304,https://www.sec.gov/Archives/edgar/data/909832/000090983224000049/cost-20240901.htm#f-304,
cash_flow,chg_accounts_payable,Increase in accounts payable,2023,-382.0,IncreaseDecreaseInAccountsPayable,,2022-08-29,2023-09-03,0000909832-24-000049,2024-10-09,f-307,https://www.sec.gov/Archives/edgar/data/909832/000090983224000049/cost-20240901.htm#f-307,
cash_flow,chg_other_wc,"Other operating assets and liabilities, net",2023,-172.0,IncreaseDecreaseInOtherOperatingCapitalNet,,2022-08-29,2023-09-03,0000909832-24-000049,2024-10-09,f-310,https://www.sec.gov/Archives/edgar/data/909832/000090983224000049/cost-20240901.htm#f-310,
cash_flow,capex,Additions to property and equipment,2023,4323.0,PaymentsToAcquirePropertyPlantAndEquipment,,2022-08-29,2023-09-03,0000909832-24-000049,2024-10-09,f-322,https://www.sec.gov/Archives/edgar/data/909832/000090983224000049/cost-20240901.htm#f-322,
cash_flow,cfi,Net cash used in investing activities,2023,-4972.0,NetCashProvidedByUsedInInvestingActivities,,2022-08-29,2023-09-03,0000909832-24-000049,2024-10-09,f-328,https://www.sec.gov/Archives/edgar/data/909832/000090983224000049/cost-20240901.htm#f-328,
cash_flow,dividends_paid,Cash dividend payments,2023,1251.0,PaymentsOfDividendsCommonStock,,2022-08-29,2023-09-03,0000909832-24-000049,2024-10-09,f-349,https://www.sec.gov/Archives/edgar/data/909832/000090983224000049/cost-20240901.htm#f-349,
cash_flow,buybacks,Repurchases of common stock,2023,676.0,PaymentsForRepurchaseOfCommonStock,,2022-08-29,2023-09-03,0000909832-24-000049,2024-10-09,f-346,https://www.sec.gov/Archives/edgar/data/909832/000090983224000049/cost-20240901.htm#f-346,
cash_flow,debt_issued,Proceeds from issuance of long-term debt,2023,0.0,ProceedsFromIssuanceOfLongTermDebt,,2022-08-29,2023-09-03,0000909832-24-000049,2024-10-09,f-340,https://www.sec.gov/Archives/edgar/data/909832/000090983224000049/cost-20240901.htm#f-340,
cash_flow,debt_repaid,Repayments of long-term debt,2023,75.0,RepaymentsOfLongTermDebt,,2022-08-29,2023-09-03,0000909832-24-000049,2024-10-09,f-337,https://www.sec.gov/Archives/edgar/data/909832/000090983224000049/cost-20240901.htm#f-337,
cash_flow,cff,Net cash used in financing activities,2023,-2614.0,NetCashProvidedByUsedInFinancingActivities,,2022-08-29,2023-09-03,0000909832-24-000049,2024-10-09,f-361,https://www.sec.gov/Archives/edgar/data/909832/000090983224000049/cost-20240901.htm#f-361,
cash_flow,fx_effect,Effect of exchange rates on cash,2023,15.0,EffectOfExchangeRateOnCashCashEquivalentsRestrictedCashAndRestrictedCashEquivalents,,2022-08-29,2023-09-03,0000909832-24-000049,2024-10-09,f-364,https://www.sec.gov/Archives/edgar/data/909832/000090983224000049/cost-20240901.htm#f-364,
cash_flow,net_change_cash,Net change in cash and cash equivalents,2023,3497.0,CashCashEquivalentsRestrictedCashAndRestrictedCashEquivalentsPeriodIncreaseDecreaseIncludingExchangeRateEffect,,2022-08-29,2023-09-03,0000909832-24-000049,2024-10-09,f-367,https://www.sec.gov/Archives/edgar/data/909832/000090983224000049/cost-20240901.htm#f-367,
cash_flow,income_taxes_paid,Income taxes paid (supplemental),2023,2234.0,IncomeTaxesPaid,,2022-08-29,2023-09-03,0000909832-24-000049,2024-10-09,f-379,https://www.sec.gov/Archives/edgar/data/909832/000090983224000049/cost-20240901.htm#f-379,
cash_flow,interest_paid,Interest paid (supplemental),2023,125.0,InterestPaidNet,,2022-08-29,2023-09-03,0000909832-24-000049,2024-10-09,f-376,https://www.sec.gov/Archives/edgar/data/909832/000090983224000049/cost-20240901.htm#f-376,
cash_flow,cfo,Net cash provided by operating activities,2024,11339.0,NetCashProvidedByUsedInOperatingActivities,,2023-09-04,2024-09-01,0000909832-24-000049,2024-10-09,f-312,https://www.sec.gov/Archives/edgar/data/909832/000090983224000049/cost-20240901.htm#f-312,
cash_flow,d_and_a,Depreciation and amortization,2024,2237.0,DepreciationDepletionAndAmortization,,2023-09-04,2024-09-01,0000909832-24-000049,2024-10-09,f-291,https://www.sec.gov/Archives/edgar/data/909832/000090983224000049/cost-20240901.htm#f-291,
cash_flow,sbc,Stock-based compensation,2024,818.0,ShareBasedCompensation,,2023-09-04,2024-09-01,0000909832-24-000049,2024-10-09,f-297,https://www.sec.gov/Archives/edgar/data/909832/000090983224000049/cost-20240901.htm#f-297,
cash_flow,chg_inventories,(Increase) decrease in merchandise inventories,2024,2068.0,IncreaseDecreaseInInventories,,2023-09-04,2024-09-01,0000909832-24-000049,2024-10-09,f-303,https://www.sec.gov/Archives/edgar/data/909832/000090983224000049/cost-20240901.htm#f-303,
cash_flow,chg_accounts_payable,Increase in accounts payable,2024,1938.0,IncreaseDecreaseInAccountsPayable,,2023-09-04,2024-09-01,0000909832-24-000049,2024-10-09,f-306,https://www.sec.gov/Archives/edgar/data/909832/000090983224000049/cost-20240901.htm#f-306,
cash_flow,chg_other_wc,"Other operating assets and liabilities, net",2024,-741.0,IncreaseDecreaseInOtherOperatingCapitalNet,,2023-09-04,2024-09-01,0000909832-24-000049,2024-10-09,f-309,https://www.sec.gov/Archives/edgar/data/909832/000090983224000049/cost-20240901.htm#f-309,
cash_flow,capex,Additions to property and equipment,2024,4710.0,PaymentsToAcquirePropertyPlantAndEquipment,,2023-09-04,2024-09-01,0000909832-24-000049,2024-10-09,f-321,https://www.sec.gov/Archives/edgar/data/909832/000090983224000049/cost-20240901.htm#f-321,
cash_flow,cfi,Net cash used in investing activities,2024,-4409.0,NetCashProvidedByUsedInInvestingActivities,,2023-09-04,2024-09-01,0000909832-24-000049,2024-10-09,f-327,https://www.sec.gov/Archives/edgar/data/909832/000090983224000049/cost-20240901.htm#f-327,
cash_flow,dividends_paid,Cash dividend payments,2024,9041.0,PaymentsOfDividendsCommonStock,,2023-09-04,2024-09-01,0000909832-24-000049,2024-10-09,f-348,https://www.sec.gov/Archives/edgar/data/909832/000090983224000049/cost-20240901.htm#f-348,
cash_flow,buybacks,Repurchases of common stock,2024,700.0,PaymentsForRepurchaseOfCommonStock,,2023-09-04,2024-09-01,0000909832-24-000049,2024-10-09,f-345,https://www.sec.gov/Archives/edgar/data/909832/000090983224000049/cost-20240901.htm#f-345,
cash_flow,debt_issued,Proceeds from issuance of long-term debt,2024,498.0,ProceedsFromIssuanceOfLongTermDebt,,2023-09-04,2024-09-01,0000909832-24-000049,2024-10-09,f-339,https://www.sec.gov/Archives/edgar/data/909832/000090983224000049/cost-20240901.htm#f-339,
cash_flow,debt_repaid,Repayments of long-term debt,2024,1077.0,RepaymentsOfLongTermDebt,,2023-09-04,2024-09-01,0000909832-24-000049,2024-10-09,f-336,https://www.sec.gov/Archives/edgar/data/909832/000090983224000049/cost-20240901.htm#f-336,
cash_flow,cff,Net cash used in financing activities,2024,-10764.0,NetCashProvidedByUsedInFinancingActivities,,2023-09-04,2024-09-01,0000909832-24-000049,2024-10-09,f-360,https://www.sec.gov/Archives/edgar/data/909832/000090983224000049/cost-20240901.htm#f-360,
cash_flow,fx_effect,Effect of exchange rates on cash,2024,40.0,EffectOfExchangeRateOnCashCashEquivalentsRestrictedCashAndRestrictedCashEquivalents,,2023-09-04,2024-09-01,0000909832-24-000049,2024-10-09,f-363,https://www.sec.gov/Archives/edgar/data/909832/000090983224000049/cost-20240901.htm#f-363,
cash_flow,net_change_cash,Net change in cash and cash equivalents,2024,-3794.0,CashCashEquivalentsRestrictedCashAndRestrictedCashEquivalentsPeriodIncreaseDecreaseIncludingExchangeRateEffect,,2023-09-04,2024-09-01,0000909832-24-000049,2024-10-09,f-366,https://www.sec.gov/Archives/edgar/data/909832/000090983224000049/cost-20240901.htm#f-366,
cash_flow,income_taxes_paid,Income taxes paid (supplemental),2024,2319.0,IncomeTaxesPaid,,2023-09-04,2024-09-01,0000909832-24-000049,2024-10-09,f-378,https://www.sec.gov/Archives/edgar/data/909832/000090983224000049/cost-20240901.htm#f-378,
cash_flow,interest_paid,Interest paid (supplemental),2024,129.0,InterestPaidNet,,2023-09-04,2024-09-01,0000909832-24-000049,2024-10-09,f-375,https://www.sec.gov/Archives/edgar/data/909832/000090983224000049/cost-20240901.htm#f-375,
lease_note,operating_lease_liab_total,Operating lease liabilities (current + long-term),2020,2789.0,OperatingLeaseLiability,,,2020-08-30,0000909832-20-000017,2020-10-07,id3VybDovL2RvY3MudjEvZG9jOmQyYzdhMjdjYzQ1YTQzNDFhN2JkZjg4Yjk3MzlkMzhiL3NlYzpkMmM3YTI3Y2M0NWE0MzQxYTdiZGY4OGI5NzM5ZDM4Yl8xMjcvZnJhZzo0MDJjY2Y5YTA4NmU0YjFhODE2NjcwNzc4NzAzZGFlMC90YWJsZToxYjRhMGQ0NmY0NTU0NzJhODk5NDQ1ZjZmMjFmNTQ3MC90YWJsZXJhbmdlOjFiNGEwZDQ2ZjQ1NTQ3MmE4OTk0NDVmNmYyMWY1NDcwXzktMi0xLTEtMTA1MA_3ffb745a-dbca-4ffc-807c-07523c71d10e,https://www.sec.gov/Archives/edgar/data/909832/000090983220000017/cost-20200830.htm#id3VybDovL2RvY3MudjEvZG9jOmQyYzdhMjdjYzQ1YTQzNDFhN2JkZjg4Yjk3MzlkMzhiL3NlYzpkMmM3YTI3Y2M0NWE0MzQxYTdiZGY4OGI5NzM5ZDM4Yl8xMjcvZnJhZzo0MDJjY2Y5YTA4NmU0YjFhODE2NjcwNzc4NzAzZGFlMC90YWJsZToxYjRhMGQ0NmY0NTU0NzJhODk5NDQ1ZjZmMjFmNTQ3MC90YWJsZXJhbmdlOjFiNGEwZDQ2ZjQ1NTQ3MmE4OTk0NDVmNmYyMWY1NDcwXzktMi0xLTEtMTA1MA_3ffb745a-dbca-4ffc-807c-07523c71d10e,
lease_note,total_lease_liab,Total lease liabilities (operating + finance),2020,3477.0,OperatingLeaseandFinanceLeaseLiabilities,,,2020-08-30,0000909832-21-000014,2021-10-06,id3VybDovL2RvY3MudjEvZG9jOmU1OGRhYTJkOGIzMjQ3YzZiZmQ4YzVlYTBhZTRhMzRlL3NlYzplNThkYWEyZDhiMzI0N2M2YmZkOGM1ZWEwYWU0YTM0ZV8xMzAvZnJhZzoxOTVjODc1YmU1ZTQ0MzRhOTRmY2YzYTFkNTZjYmY4OC90YWJsZTo1YWU3M2VmY2YyNDM0NThmYjhlYWQzNzA0NmM2NzEwYy90YWJsZXJhbmdlOjVhZTczZWZjZjI0MzQ1OGZiOGVhZDM3MDQ2YzY3MTBjXzEyLTQtMS0xLTExMTc0_8a6979d6-f863-405a-b3fa-fa40a6bf9da4,https://www.sec.gov/Archives/edgar/data/909832/000090983221000014/cost-20210829.htm#id3VybDovL2RvY3MudjEvZG9jOmU1OGRhYTJkOGIzMjQ3YzZiZmQ4YzVlYTBhZTRhMzRlL3NlYzplNThkYWEyZDhiMzI0N2M2YmZkOGM1ZWEwYWU0YTM0ZV8xMzAvZnJhZzoxOTVjODc1YmU1ZTQ0MzRhOTRmY2YzYTFkNTZjYmY4OC90YWJsZTo1YWU3M2VmY2YyNDM0NThmYjhlYWQzNzA0NmM2NzEwYy90YWJsZXJhbmdlOjVhZTczZWZjZjI0MzQ1OGZiOGVhZDM3MDQ2YzY3MTBjXzEyLTQtMS0xLTExMTc0_8a6979d6-f863-405a-b3fa-fa40a6bf9da4,
lease_note,finance_lease_liab_total,Finance lease liabilities (current + long-term),2020,688.0,FinanceLeaseLiability,,,2020-08-30,0000909832-20-000017,2020-10-07,id3VybDovL2RvY3MudjEvZG9jOmQyYzdhMjdjYzQ1YTQzNDFhN2JkZjg4Yjk3MzlkMzhiL3NlYzpkMmM3YTI3Y2M0NWE0MzQxYTdiZGY4OGI5NzM5ZDM4Yl8xMjcvZnJhZzo0MDJjY2Y5YTA4NmU0YjFhODE2NjcwNzc4NzAzZGFlMC90YWJsZToxYjRhMGQ0NmY0NTU0NzJhODk5NDQ1ZjZmMjFmNTQ3MC90YWJsZXJhbmdlOjFiNGEwZDQ2ZjQ1NTQ3MmE4OTk0NDVmNmYyMWY1NDcwXzktNC0xLTEtMTA1MA_c9132b2e-25b3-471d-a6ec-fd6317a49920,https://www.sec.gov/Archives/edgar/data/909832/000090983220000017/cost-20200830.htm#id3VybDovL2RvY3MudjEvZG9jOmQyYzdhMjdjYzQ1YTQzNDFhN2JkZjg4Yjk3MzlkMzhiL3NlYzpkMmM3YTI3Y2M0NWE0MzQxYTdiZGY4OGI5NzM5ZDM4Yl8xMjcvZnJhZzo0MDJjY2Y5YTA4NmU0YjFhODE2NjcwNzc4NzAzZGFlMC90YWJsZToxYjRhMGQ0NmY0NTU0NzJhODk5NDQ1ZjZmMjFmNTQ3MC90YWJsZXJhbmdlOjFiNGEwZDQ2ZjQ1NTQ3MmE4OTk0NDVmNmYyMWY1NDcwXzktNC0xLTEtMTA1MA_c9132b2e-25b3-471d-a6ec-fd6317a49920,
lease_note,operating_lease_liab_total,Operating lease liabilities (current + long-term),2021,2864.0,OperatingLeaseLiability,,,2021-08-29,0000909832-21-000014,2021-10-06,id3VybDovL2RvY3MudjEvZG9jOmU1OGRhYTJkOGIzMjQ3YzZiZmQ4YzVlYTBhZTRhMzRlL3NlYzplNThkYWEyZDhiMzI0N2M2YmZkOGM1ZWEwYWU0YTM0ZV8xMzAvZnJhZzoxOTVjODc1YmU1ZTQ0MzRhOTRmY2YzYTFkNTZjYmY4OC90YWJsZTo3NmVjYTA1NzUzNjg0MDc4OTlmNjk3YWY0NjdhNzhjZS90YWJsZXJhbmdlOjc2ZWNhMDU3NTM2ODQwNzg5OWY2OTdhZjQ2N2E3OGNlXzktMi0xLTEtMA_913b6220-6970-4831-9adb-a211ccdbfd8b,https://www.sec.gov/Archives/edgar/data/909832/000090983221000014/cost-20210829.htm#id3VybDovL2RvY3MudjEvZG9jOmU1OGRhYTJkOGIzMjQ3YzZiZmQ4YzVlYTBhZTRhMzRlL3NlYzplNThkYWEyZDhiMzI0N2M2YmZkOGM1ZWEwYWU0YTM0ZV8xMzAvZnJhZzoxOTVjODc1YmU1ZTQ0MzRhOTRmY2YzYTFkNTZjYmY4OC90YWJsZTo3NmVjYTA1NzUzNjg0MDc4OTlmNjk3YWY0NjdhNzhjZS90YWJsZXJhbmdlOjc2ZWNhMDU3NTM2ODQwNzg5OWY2OTdhZjQ2N2E3OGNlXzktMi0xLTEtMA_913b6220-6970-4831-9adb-a211ccdbfd8b,
lease_note,total_lease_liab,Total lease liabilities (operating + finance),2021,3916.0,OperatingLeaseandFinanceLeaseLiabilities,,,2021-08-29,0000909832-22-000021,2022-10-05,id3VybDovL2RvY3MudjEvZG9jOjdmOTI4MjJkZGY4NDRjMjQ5MTI2MjdiZjY4NTA5YjU2L3NlYzo3ZjkyODIyZGRmODQ0YzI0OTEyNjI3YmY2ODUwOWI1Nl8xMjcvZnJhZzowYjVjM2NhMmUwZTI0MDU1ODkwNjQ2ODkwNjE2MTc2MC90YWJsZTo4NWY1Y2U0MjljNmM0YWEzOTYwYTZhZjBlMWQ3YjFjNy90YWJsZXJhbmdlOjg1ZjVjZTQyOWM2YzRhYTM5NjBhNmFmMGUxZDdiMWM3XzEyLTMtMS0xLTU1MDcx_cb0dd3ab-1c0e-40f2-94c4-cd8114e9fa1d,https://www.sec.gov/Archives/edgar/data/909832/000090983222000021/cost-20220828.htm#id3VybDovL2RvY3MudjEvZG9jOjdmOTI4MjJkZGY4NDRjMjQ5MTI2MjdiZjY4NTA5YjU2L3NlYzo3ZjkyODIyZGRmODQ0YzI0OTEyNjI3YmY2ODUwOWI1Nl8xMjcvZnJhZzowYjVjM2NhMmUwZTI0MDU1ODkwNjQ2ODkwNjE2MTc2MC90YWJsZTo4NWY1Y2U0MjljNmM0YWEzOTYwYTZhZjBlMWQ3YjFjNy90YWJsZXJhbmdlOjg1ZjVjZTQyOWM2YzRhYTM5NjBhNmFmMGUxZDdiMWM3XzEyLTMtMS0xLTU1MDcx_cb0dd3ab-1c0e-40f2-94c4-cd8114e9fa1d,
lease_note,finance_lease_liab_total,Finance lease liabilities (current + long-term),2021,1052.0,FinanceLeaseLiability,,,2021-08-29,0000909832-21-000014,2021-10-06,id3VybDovL2RvY3MudjEvZG9jOmU1OGRhYTJkOGIzMjQ3YzZiZmQ4YzVlYTBhZTRhMzRlL3NlYzplNThkYWEyZDhiMzI0N2M2YmZkOGM1ZWEwYWU0YTM0ZV8xMzAvZnJhZzoxOTVjODc1YmU1ZTQ0MzRhOTRmY2YzYTFkNTZjYmY4OC90YWJsZTo3NmVjYTA1NzUzNjg0MDc4OTlmNjk3YWY0NjdhNzhjZS90YWJsZXJhbmdlOjc2ZWNhMDU3NTM2ODQwNzg5OWY2OTdhZjQ2N2E3OGNlXzktNC0xLTEtMA_70bed50b-eaea-4ca8-9020-3d1f6874f055,https://www.sec.gov/Archives/edgar/data/909832/000090983221000014/cost-20210829.htm#id3VybDovL2RvY3MudjEvZG9jOmU1OGRhYTJkOGIzMjQ3YzZiZmQ4YzVlYTBhZTRhMzRlL3NlYzplNThkYWEyZDhiMzI0N2M2YmZkOGM1ZWEwYWU0YTM0ZV8xMzAvZnJhZzoxOTVjODc1YmU1ZTQ0MzRhOTRmY2YzYTFkNTZjYmY4OC90YWJsZTo3NmVjYTA1NzUzNjg0MDc4OTlmNjk3YWY0NjdhNzhjZS90YWJsZXJhbmdlOjc2ZWNhMDU3NTM2ODQwNzg5OWY2OTdhZjQ2N2E3OGNlXzktNC0xLTEtMA_70bed50b-eaea-4ca8-9020-3d1f6874f055,
lease_note,operating_lease_liab_total,Operating lease liabilities (current + long-term),2022,2721.0,OperatingLeaseLiability,,,2022-08-28,0000909832-22-000021,2022-10-05,id3VybDovL2RvY3MudjEvZG9jOjdmOTI4MjJkZGY4NDRjMjQ5MTI2MjdiZjY4NTA5YjU2L3NlYzo3ZjkyODIyZGRmODQ0YzI0OTEyNjI3YmY2ODUwOWI1Nl8xMjcvZnJhZzowYjVjM2NhMmUwZTI0MDU1ODkwNjQ2ODkwNjE2MTc2MC90YWJsZTpmNmI1NWIwZTI4YmI0MDkwYTdjYTZkMjAzNDY4OTBlOC90YWJsZXJhbmdlOmY2YjU1YjBlMjhiYjQwOTBhN2NhNmQyMDM0Njg5MGU4XzktMS0xLTEtNTUwNzE_ef33c9e6-aab4-49fb-a8f3-37b1c9e1c793,https://www.sec.gov/Archives/edgar/data/909832/000090983222000021/cost-20220828.htm#id3VybDovL2RvY3MudjEvZG9jOjdmOTI4MjJkZGY4NDRjMjQ5MTI2MjdiZjY4NTA5YjU2L3NlYzo3ZjkyODIyZGRmODQ0YzI0OTEyNjI3YmY2ODUwOWI1Nl8xMjcvZnJhZzowYjVjM2NhMmUwZTI0MDU1ODkwNjQ2ODkwNjE2MTc2MC90YWJsZTpmNmI1NWIwZTI4YmI0MDkwYTdjYTZkMjAzNDY4OTBlOC90YWJsZXJhbmdlOmY2YjU1YjBlMjhiYjQwOTBhN2NhNmQyMDM0Njg5MGU4XzktMS0xLTEtNTUwNzE_ef33c9e6-aab4-49fb-a8f3-37b1c9e1c793,
lease_note,total_lease_liab,Total lease liabilities (operating + finance),2022,4349.0,OperatingLeaseandFinanceLeaseLiabilities,,,2022-08-28,0000909832-23-000042,2023-10-11,f-611,https://www.sec.gov/Archives/edgar/data/909832/000090983223000042/cost-20230903.htm#f-611,
lease_note,finance_lease_liab_total,Finance lease liabilities (current + long-term),2022,1628.0,,,,,,,,,Derived: total lease liabilities - operating lease liabilities (both tagged in the lease note)
lease_note,operating_lease_liab_total,Operating lease liabilities (current + long-term),2023,2646.0,OperatingLeaseLiability,,,2023-09-03,0000909832-23-000042,2023-10-11,f-669,https://www.sec.gov/Archives/edgar/data/909832/000090983223000042/cost-20230903.htm#f-669,
lease_note,total_lease_liab,Total lease liabilities (operating + finance),2023,4078.0,OperatingLeaseandFinanceLeaseLiabilities,,,2023-09-03,0000909832-24-000049,2024-10-09,f-608,https://www.sec.gov/Archives/edgar/data/909832/000090983224000049/cost-20240901.htm#f-608,
lease_note,finance_lease_liab_total,Finance lease liabilities (current + long-term),2023,1432.0,,,,,,,,,Derived: total lease liabilities - operating lease liabilities (both tagged in the lease note)
lease_note,operating_lease_liab_total,Operating lease liabilities (current + long-term),2024,2554.0,OperatingLeaseLiability,,,2024-09-01,0000909832-24-000049,2024-10-09,f-666,https://www.sec.gov/Archives/edgar/data/909832/000090983224000049/cost-20240901.htm#f-666,
lease_note,total_lease_liab,Total lease liabilities (operating + finance),2024,4052.0,OperatingLeaseandFinanceLeaseLiabilities,,,2024-09-01,0000909832-24-000049,2024-10-09,f-607,https://www.sec.gov/Archives/edgar/data/909832/000090983224000049/cost-20240901.htm#f-607,
lease_note,finance_lease_liab_total,Finance lease liabilities (current + long-term),2024,1498.0,,,,,,,,,Derived: total lease liabilities - operating lease liabilities (both tagged in the lease note)
segments,segment_revenue,United States: revenue,2020,122142.0,Revenues,srt:ConsolidationItemsAxis=us-gaap:OperatingSegmentsMember; srt:StatementGeographicalAxis=country:US,2019-09-02,2020-08-30,0000909832-22-000021,2022-10-05,id3VybDovL2RvY3MudjEvZG9jOjdmOTI4MjJkZGY4NDRjMjQ5MTI2MjdiZjY4NTA5YjU2L3NlYzo3ZjkyODIyZGRmODQ0YzI0OTEyNjI3YmY2ODUwOWI1Nl8xNDUvZnJhZzpjYzI4OWUyYjJjZmM0ZDUyYmM0ZDRmOWY0M2IwMGI4Ny90YWJsZTozNzc3NTRlZDkwOTU0NDFkYmZkMGFhMjg2OGIwNjYwZC90YWJsZXJhbmdlOjM3Nzc1NGVkOTA5NTQ0MWRiZmQwYWEyODY4YjA2NjBkXzE2LTEtMS0xLTU1MDcx_3655ca1b-f489-44cd-b9c0-2dfa28b4db53,https://www.sec.gov/Archives/edgar/data/909832/000090983222000021/cost-20220828.htm#id3VybDovL2RvY3MudjEvZG9jOjdmOTI4MjJkZGY4NDRjMjQ5MTI2MjdiZjY4NTA5YjU2L3NlYzo3ZjkyODIyZGRmODQ0YzI0OTEyNjI3YmY2ODUwOWI1Nl8xNDUvZnJhZzpjYzI4OWUyYjJjZmM0ZDUyYmM0ZDRmOWY0M2IwMGI4Ny90YWJsZTozNzc3NTRlZDkwOTU0NDFkYmZkMGFhMjg2OGIwNjYwZC90YWJsZXJhbmdlOjM3Nzc1NGVkOTA5NTQ0MWRiZmQwYWEyODY4YjA2NjBkXzE2LTEtMS0xLTU1MDcx_3655ca1b-f489-44cd-b9c0-2dfa28b4db53,
segments,segment_revenue,Canada: revenue,2020,22434.0,Revenues,srt:ConsolidationItemsAxis=us-gaap:OperatingSegmentsMember; srt:StatementGeographicalAxis=country:CA,2019-09-02,2020-08-30,0000909832-22-000021,2022-10-05,id3VybDovL2RvY3MudjEvZG9jOjdmOTI4MjJkZGY4NDRjMjQ5MTI2MjdiZjY4NTA5YjU2L3NlYzo3ZjkyODIyZGRmODQ0YzI0OTEyNjI3YmY2ODUwOWI1Nl8xNDUvZnJhZzpjYzI4OWUyYjJjZmM0ZDUyYmM0ZDRmOWY0M2IwMGI4Ny90YWJsZTozNzc3NTRlZDkwOTU0NDFkYmZkMGFhMjg2OGIwNjYwZC90YWJsZXJhbmdlOjM3Nzc1NGVkOTA5NTQ0MWRiZmQwYWEyODY4YjA2NjBkXzE2LTMtMS0xLTU1MDcx_9e7b2e69-4539-43ae-b060-2fede6b1aa75,https://www.sec.gov/Archives/edgar/data/909832/000090983222000021/cost-20220828.htm#id3VybDovL2RvY3MudjEvZG9jOjdmOTI4MjJkZGY4NDRjMjQ5MTI2MjdiZjY4NTA5YjU2L3NlYzo3ZjkyODIyZGRmODQ0YzI0OTEyNjI3YmY2ODUwOWI1Nl8xNDUvZnJhZzpjYzI4OWUyYjJjZmM0ZDUyYmM0ZDRmOWY0M2IwMGI4Ny90YWJsZTozNzc3NTRlZDkwOTU0NDFkYmZkMGFhMjg2OGIwNjYwZC90YWJsZXJhbmdlOjM3Nzc1NGVkOTA5NTQ0MWRiZmQwYWEyODY4YjA2NjBkXzE2LTMtMS0xLTU1MDcx_9e7b2e69-4539-43ae-b060-2fede6b1aa75,
segments,segment_revenue,Other International: revenue,2020,22185.0,Revenues,srt:ConsolidationItemsAxis=us-gaap:OperatingSegmentsMember; srt:StatementGeographicalAxis=cost:OtherInternationalMember,2019-09-02,2020-08-30,0000909832-22-000021,2022-10-05,id3VybDovL2RvY3MudjEvZG9jOjdmOTI4MjJkZGY4NDRjMjQ5MTI2MjdiZjY4NTA5YjU2L3NlYzo3ZjkyODIyZGRmODQ0YzI0OTEyNjI3YmY2ODUwOWI1Nl8xNDUvZnJhZzpjYzI4OWUyYjJjZmM0ZDUyYmM0ZDRmOWY0M2IwMGI4Ny90YWJsZTozNzc3NTRlZDkwOTU0NDFkYmZkMGFhMjg2OGIwNjYwZC90YWJsZXJhbmdlOjM3Nzc1NGVkOTA5NTQ0MWRiZmQwYWEyODY4YjA2NjBkXzE2LTUtMS0xLTU1MDcx_8c970024-29c2-4015-9902-7dfdeb81bcbc,https://www.sec.gov/Archives/edgar/data/909832/000090983222000021/cost-20220828.htm#id3VybDovL2RvY3MudjEvZG9jOjdmOTI4MjJkZGY4NDRjMjQ5MTI2MjdiZjY4NTA5YjU2L3NlYzo3ZjkyODIyZGRmODQ0YzI0OTEyNjI3YmY2ODUwOWI1Nl8xNDUvZnJhZzpjYzI4OWUyYjJjZmM0ZDUyYmM0ZDRmOWY0M2IwMGI4Ny90YWJsZTozNzc3NTRlZDkwOTU0NDFkYmZkMGFhMjg2OGIwNjYwZC90YWJsZXJhbmdlOjM3Nzc1NGVkOTA5NTQ0MWRiZmQwYWEyODY4YjA2NjBkXzE2LTUtMS0xLTU1MDcx_8c970024-29c2-4015-9902-7dfdeb81bcbc,
segments,segment_operating_income,United States: operating income,2020,3822.0,OperatingIncomeLoss,srt:ConsolidationItemsAxis=us-gaap:OperatingSegmentsMember; srt:StatementGeographicalAxis=country:US,2019-09-02,2020-08-30,0000909832-22-000021,2022-10-05,id3VybDovL2RvY3MudjEvZG9jOjdmOTI4MjJkZGY4NDRjMjQ5MTI2MjdiZjY4NTA5YjU2L3NlYzo3ZjkyODIyZGRmODQ0YzI0OTEyNjI3YmY2ODUwOWI1Nl8xNDUvZnJhZzpjYzI4OWUyYjJjZmM0ZDUyYmM0ZDRmOWY0M2IwMGI4Ny90YWJsZTozNzc3NTRlZDkwOTU0NDFkYmZkMGFhMjg2OGIwNjYwZC90YWJsZXJhbmdlOjM3Nzc1NGVkOTA5NTQ0MWRiZmQwYWEyODY4YjA2NjBkXzE3LTEtMS0xLTU1MDcx_4ea5e3bb-963d-4ff6-93c2-47edc5fd91e6,https://www.sec.gov/Archives/edgar/data/909832/000090983222000021/cost-20220828.htm#id3VybDovL2RvY3MudjEvZG9jOjdmOTI4MjJkZGY4NDRjMjQ5MTI2MjdiZjY4NTA5YjU2L3NlYzo3ZjkyODIyZGRmODQ0YzI0OTEyNjI3YmY2ODUwOWI1Nl8xNDUvZnJhZzpjYzI4OWUyYjJjZmM0ZDUyYmM0ZDRmOWY0M2IwMGI4Ny90YWJsZTozNzc3NTRlZDkwOTU0NDFkYmZkMGFhMjg2OGIwNjYwZC90YWJsZXJhbmdlOjM3Nzc1NGVkOTA5NTQ0MWRiZmQwYWEyODY4YjA2NjBkXzE3LTEtMS0xLTU1MDcx_4ea5e3bb-963d-4ff6-93c2-47edc5fd91e6,
segments,segment_operating_income,Canada: operating income,2020,778.0,OperatingIncomeLoss,srt:ConsolidationItemsAxis=us-gaap:OperatingSegmentsMember; srt:StatementGeographicalAxis=country:CA,2019-09-02,2020-08-30,0000909832-22-000021,2022-10-05,id3VybDovL2RvY3MudjEvZG9jOjdmOTI4MjJkZGY4NDRjMjQ5MTI2MjdiZjY4NTA5YjU2L3NlYzo3ZjkyODIyZGRmODQ0YzI0OTEyNjI3YmY2ODUwOWI1Nl8xNDUvZnJhZzpjYzI4OWUyYjJjZmM0ZDUyYmM0ZDRmOWY0M2IwMGI4Ny90YWJsZTozNzc3NTRlZDkwOTU0NDFkYmZkMGFhMjg2OGIwNjYwZC90YWJsZXJhbmdlOjM3Nzc1NGVkOTA5NTQ0MWRiZmQwYWEyODY4YjA2NjBkXzE3LTMtMS0xLTU1MDcx_a0e914c2-5b00-40ee-a309-ee71fb109a3e,https://www.sec.gov/Archives/edgar/data/909832/000090983222000021/cost-20220828.htm#id3VybDovL2RvY3MudjEvZG9jOjdmOTI4MjJkZGY4NDRjMjQ5MTI2MjdiZjY4NTA5YjU2L3NlYzo3ZjkyODIyZGRmODQ0YzI0OTEyNjI3YmY2ODUwOWI1Nl8xNDUvZnJhZzpjYzI4OWUyYjJjZmM0ZDUyYmM0ZDRmOWY0M2IwMGI4Ny90YWJsZTozNzc3NTRlZDkwOTU0NDFkYmZkMGFhMjg2OGIwNjYwZC90YWJsZXJhbmdlOjM3Nzc1NGVkOTA5NTQ0MWRiZmQwYWEyODY4YjA2NjBkXzE3LTMtMS0xLTU1MDcx_a0e914c2-5b00-40ee-a309-ee71fb109a3e,
segments,segment_operating_income,Other International: operating income,2020,835.0,OperatingIncomeLoss,srt:ConsolidationItemsAxis=us-gaap:OperatingSegmentsMember; srt:StatementGeographicalAxis=cost:OtherInternationalMember,2019-09-02,2020-08-30,0000909832-22-000021,2022-10-05,id3VybDovL2RvY3MudjEvZG9jOjdmOTI4MjJkZGY4NDRjMjQ5MTI2MjdiZjY4NTA5YjU2L3NlYzo3ZjkyODIyZGRmODQ0YzI0OTEyNjI3YmY2ODUwOWI1Nl8xNDUvZnJhZzpjYzI4OWUyYjJjZmM0ZDUyYmM0ZDRmOWY0M2IwMGI4Ny90YWJsZTozNzc3NTRlZDkwOTU0NDFkYmZkMGFhMjg2OGIwNjYwZC90YWJsZXJhbmdlOjM3Nzc1NGVkOTA5NTQ0MWRiZmQwYWEyODY4YjA2NjBkXzE3LTUtMS0xLTU1MDcx_179ccc4b-b6c8-4f4f-abd8-6c9042ee7275,https://www.sec.gov/Archives/edgar/data/909832/000090983222000021/cost-20220828.htm#id3VybDovL2RvY3MudjEvZG9jOjdmOTI4MjJkZGY4NDRjMjQ5MTI2MjdiZjY4NTA5YjU2L3NlYzo3ZjkyODIyZGRmODQ0YzI0OTEyNjI3YmY2ODUwOWI1Nl8xNDUvZnJhZzpjYzI4OWUyYjJjZmM0ZDUyYmM0ZDRmOWY0M2IwMGI4Ny90YWJsZTozNzc3NTRlZDkwOTU0NDFkYmZkMGFhMjg2OGIwNjYwZC90YWJsZXJhbmdlOjM3Nzc1NGVkOTA5NTQ0MWRiZmQwYWEyODY4YjA2NjBkXzE3LTUtMS0xLTU1MDcx_179ccc4b-b6c8-4f4f-abd8-6c9042ee7275,
segments,segment_d_and_a,United States: d and a,2020,1248.0,DepreciationDepletionAndAmortization,srt:ConsolidationItemsAxis=us-gaap:OperatingSegmentsMember; srt:StatementGeographicalAxis=country:US,2019-09-02,2020-08-30,0000909832-22-000021,2022-10-05,id3VybDovL2RvY3MudjEvZG9jOjdmOTI4MjJkZGY4NDRjMjQ5MTI2MjdiZjY4NTA5YjU2L3NlYzo3ZjkyODIyZGRmODQ0YzI0OTEyNjI3YmY2ODUwOWI1Nl8xNDUvZnJhZzpjYzI4OWUyYjJjZmM0ZDUyYmM0ZDRmOWY0M2IwMGI4Ny90YWJsZTozNzc3NTRlZDkwOTU0NDFkYmZkMGFhMjg2OGIwNjYwZC90YWJsZXJhbmdlOjM3Nzc1NGVkOTA5NTQ0MWRiZmQwYWEyODY4YjA2NjBkXzE4LTEtMS0xLTU1MDcx_9f624f2a-8636-4149-bc7e-d323647291c1,https://www.sec.gov/Archives/edgar/data/909832/000090983222000021/cost-20220828.htm#id3VybDovL2RvY3MudjEvZG9jOjdmOTI4MjJkZGY4NDRjMjQ5MTI2MjdiZjY4NTA5YjU2L3NlYzo3ZjkyODIyZGRmODQ0YzI0OTEyNjI3YmY2ODUwOWI1Nl8xNDUvZnJhZzpjYzI4OWUyYjJjZmM0ZDUyYmM0ZDRmOWY0M2IwMGI4Ny90YWJsZTozNzc3NTRlZDkwOTU0NDFkYmZkMGFhMjg2OGIwNjYwZC90YWJsZXJhbmdlOjM3Nzc1NGVkOTA5NTQ0MWRiZmQwYWEyODY4YjA2NjBkXzE4LTEtMS0xLTU1MDcx_9f624f2a-8636-4149-bc7e-d323647291c1,
segments,segment_d_and_a,Canada: d and a,2020,155.0,DepreciationDepletionAndAmortization,srt:ConsolidationItemsAxis=us-gaap:OperatingSegmentsMember; srt:StatementGeographicalAxis=country:CA,2019-09-02,2020-08-30,0000909832-22-000021,2022-10-05,id3VybDovL2RvY3MudjEvZG9jOjdmOTI4MjJkZGY4NDRjMjQ5MTI2MjdiZjY4NTA5YjU2L3NlYzo3ZjkyODIyZGRmODQ0YzI0OTEyNjI3YmY2ODUwOWI1Nl8xNDUvZnJhZzpjYzI4OWUyYjJjZmM0ZDUyYmM0ZDRmOWY0M2IwMGI4Ny90YWJsZTozNzc3NTRlZDkwOTU0NDFkYmZkMGFhMjg2OGIwNjYwZC90YWJsZXJhbmdlOjM3Nzc1NGVkOTA5NTQ0MWRiZmQwYWEyODY4YjA2NjBkXzE4LTMtMS0xLTU1MDcx_3f40e7c2-c151-4248-acd7-895ecea34b8b,https://www.sec.gov/Archives/edgar/data/909832/000090983222000021/cost-20220828.htm#id3VybDovL2RvY3MudjEvZG9jOjdmOTI4MjJkZGY4NDRjMjQ5MTI2MjdiZjY4NTA5YjU2L3NlYzo3ZjkyODIyZGRmODQ0YzI0OTEyNjI3YmY2ODUwOWI1Nl8xNDUvZnJhZzpjYzI4OWUyYjJjZmM0ZDUyYmM0ZDRmOWY0M2IwMGI4Ny90YWJsZTozNzc3NTRlZDkwOTU0NDFkYmZkMGFhMjg2OGIwNjYwZC90YWJsZXJhbmdlOjM3Nzc1NGVkOTA5NTQ0MWRiZmQwYWEyODY4YjA2NjBkXzE4LTMtMS0xLTU1MDcx_3f40e7c2-c151-4248-acd7-895ecea34b8b,
segments,segment_d_and_a,Other International: d and a,2020,242.0,DepreciationDepletionAndAmortization,srt:ConsolidationItemsAxis=us-gaap:OperatingSegmentsMember; srt:StatementGeographicalAxis=cost:OtherInternationalMember,2019-09-02,2020-08-30,0000909832-22-000021,2022-10-05,id3VybDovL2RvY3MudjEvZG9jOjdmOTI4MjJkZGY4NDRjMjQ5MTI2MjdiZjY4NTA5YjU2L3NlYzo3ZjkyODIyZGRmODQ0YzI0OTEyNjI3YmY2ODUwOWI1Nl8xNDUvZnJhZzpjYzI4OWUyYjJjZmM0ZDUyYmM0ZDRmOWY0M2IwMGI4Ny90YWJsZTozNzc3NTRlZDkwOTU0NDFkYmZkMGFhMjg2OGIwNjYwZC90YWJsZXJhbmdlOjM3Nzc1NGVkOTA5NTQ0MWRiZmQwYWEyODY4YjA2NjBkXzE4LTUtMS0xLTU1MDcx_f92a13bc-8a48-468f-a9fe-0f2f3478fed0,https://www.sec.gov/Archives/edgar/data/909832/000090983222000021/cost-20220828.htm#id3VybDovL2RvY3MudjEvZG9jOjdmOTI4MjJkZGY4NDRjMjQ5MTI2MjdiZjY4NTA5YjU2L3NlYzo3ZjkyODIyZGRmODQ0YzI0OTEyNjI3YmY2ODUwOWI1Nl8xNDUvZnJhZzpjYzI4OWUyYjJjZmM0ZDUyYmM0ZDRmOWY0M2IwMGI4Ny90YWJsZTozNzc3NTRlZDkwOTU0NDFkYmZkMGFhMjg2OGIwNjYwZC90YWJsZXJhbmdlOjM3Nzc1NGVkOTA5NTQ0MWRiZmQwYWEyODY4YjA2NjBkXzE4LTUtMS0xLTU1MDcx_f92a13bc-8a48-468f-a9fe-0f2f3478fed0,
segments,segment_capex,United States: capex,2020,2060.0,PaymentsToAcquirePropertyPlantAndEquipment,srt:ConsolidationItemsAxis=us-gaap:OperatingSegmentsMember; srt:StatementGeographicalAxis=country:US,2019-09-02,2020-08-30,0000909832-22-000021,2022-10-05,id3VybDovL2RvY3MudjEvZG9jOjdmOTI4MjJkZGY4NDRjMjQ5MTI2MjdiZjY4NTA5YjU2L3NlYzo3ZjkyODIyZGRmODQ0YzI0OTEyNjI3YmY2ODUwOWI1Nl8xNDUvZnJhZzpjYzI4OWUyYjJjZmM0ZDUyYmM0ZDRmOWY0M2IwMGI4Ny90YWJsZTozNzc3NTRlZDkwOTU0NDFkYmZkMGFhMjg2OGIwNjYwZC90YWJsZXJhbmdlOjM3Nzc1NGVkOTA5NTQ0MWRiZmQwYWEyODY4YjA2NjBkXzE5LTEtMS0xLTU1MDcx_19fe163f-0312-4188-98d3-8f2b1f0b1ad6,https://www.sec.gov/Archives/edgar/data/909832/000090983222000021/cost-20220828.htm#id3VybDovL2RvY3MudjEvZG9jOjdmOTI4MjJkZGY4NDRjMjQ5MTI2MjdiZjY4NTA5YjU2L3NlYzo3ZjkyODIyZGRmODQ0YzI0OTEyNjI3YmY2ODUwOWI1Nl8xNDUvZnJhZzpjYzI4OWUyYjJjZmM0ZDUyYmM0ZDRmOWY0M2IwMGI4Ny90YWJsZTozNzc3NTRlZDkwOTU0NDFkYmZkMGFhMjg2OGIwNjYwZC90YWJsZXJhbmdlOjM3Nzc1NGVkOTA5NTQ0MWRiZmQwYWEyODY4YjA2NjBkXzE5LTEtMS0xLTU1MDcx_19fe163f-0312-4188-98d3-8f2b1f0b1ad6,
segments,segment_capex,Canada: capex,2020,258.0,PaymentsToAcquirePropertyPlantAndEquipment,srt:ConsolidationItemsAxis=us-gaap:OperatingSegmentsMember; srt:StatementGeographicalAxis=country:CA,2019-09-02,2020-08-30,0000909832-22-000021,2022-10-05,id3VybDovL2RvY3MudjEvZG9jOjdmOTI4MjJkZGY4NDRjMjQ5MTI2MjdiZjY4NTA5YjU2L3NlYzo3ZjkyODIyZGRmODQ0YzI0OTEyNjI3YmY2ODUwOWI1Nl8xNDUvZnJhZzpjYzI4OWUyYjJjZmM0ZDUyYmM0ZDRmOWY0M2IwMGI4Ny90YWJsZTozNzc3NTRlZDkwOTU0NDFkYmZkMGFhMjg2OGIwNjYwZC90YWJsZXJhbmdlOjM3Nzc1NGVkOTA5NTQ0MWRiZmQwYWEyODY4YjA2NjBkXzE5LTMtMS0xLTU1MDcx_5f94be4b-dbd6-4050-8292-0358a6630e0b,https://www.sec.gov/Archives/edgar/data/909832/000090983222000021/cost-20220828.htm#id3VybDovL2RvY3MudjEvZG9jOjdmOTI4MjJkZGY4NDRjMjQ5MTI2MjdiZjY4NTA5YjU2L3NlYzo3ZjkyODIyZGRmODQ0YzI0OTEyNjI3YmY2ODUwOWI1Nl8xNDUvZnJhZzpjYzI4OWUyYjJjZmM0ZDUyYmM0ZDRmOWY0M2IwMGI4Ny90YWJsZTozNzc3NTRlZDkwOTU0NDFkYmZkMGFhMjg2OGIwNjYwZC90YWJsZXJhbmdlOjM3Nzc1NGVkOTA5NTQ0MWRiZmQwYWEyODY4YjA2NjBkXzE5LTMtMS0xLTU1MDcx_5f94be4b-dbd6-4050-8292-0358a6630e0b,
segments,segment_capex,Other International: capex,2020,492.0,PaymentsToAcquirePropertyPlantAndEquipment,srt:ConsolidationItemsAxis=us-gaap:OperatingSegmentsMember; srt:StatementGeographicalAxis=cost:OtherInternationalMember,2019-09-02,2020-08-30,0000909832-22-000021,2022-10-05,id3VybDovL2RvY3MudjEvZG9jOjdmOTI4MjJkZGY4NDRjMjQ5MTI2MjdiZjY4NTA5YjU2L3NlYzo3ZjkyODIyZGRmODQ0YzI0OTEyNjI3YmY2ODUwOWI1Nl8xNDUvZnJhZzpjYzI4OWUyYjJjZmM0ZDUyYmM0ZDRmOWY0M2IwMGI4Ny90YWJsZTozNzc3NTRlZDkwOTU0NDFkYmZkMGFhMjg2OGIwNjYwZC90YWJsZXJhbmdlOjM3Nzc1NGVkOTA5NTQ0MWRiZmQwYWEyODY4YjA2NjBkXzE5LTUtMS0xLTU1MDcx_39a452ef-425f-4187-a7b1-68cf916ec770,https://www.sec.gov/Archives/edgar/data/909832/000090983222000021/cost-20220828.htm#id3VybDovL2RvY3MudjEvZG9jOjdmOTI4MjJkZGY4NDRjMjQ5MTI2MjdiZjY4NTA5YjU2L3NlYzo3ZjkyODIyZGRmODQ0YzI0OTEyNjI3YmY2ODUwOWI1Nl8xNDUvZnJhZzpjYzI4OWUyYjJjZmM0ZDUyYmM0ZDRmOWY0M2IwMGI4Ny90YWJsZTozNzc3NTRlZDkwOTU0NDFkYmZkMGFhMjg2OGIwNjYwZC90YWJsZXJhbmdlOjM3Nzc1NGVkOTA5NTQ0MWRiZmQwYWEyODY4YjA2NjBkXzE5LTUtMS0xLTU1MDcx_39a452ef-425f-4187-a7b1-68cf916ec770,
segments,segment_ppe_net,United States: ppe net,2020,14916.0,PropertyPlantAndEquipmentNet,srt:ConsolidationItemsAxis=us-gaap:OperatingSegmentsMember; srt:StatementGeographicalAxis=country:US,,2020-08-30,0000909832-22-000021,2022-10-05,id3VybDovL2RvY3MudjEvZG9jOjdmOTI4MjJkZGY4NDRjMjQ5MTI2MjdiZjY4NTA5YjU2L3NlYzo3ZjkyODIyZGRmODQ0YzI0OTEyNjI3YmY2ODUwOWI1Nl8xNDUvZnJhZzpjYzI4OWUyYjJjZmM0ZDUyYmM0ZDRmOWY0M2IwMGI4Ny90YWJsZTozNzc3NTRlZDkwOTU0NDFkYmZkMGFhMjg2OGIwNjYwZC90YWJsZXJhbmdlOjM3Nzc1NGVkOTA5NTQ0MWRiZmQwYWEyODY4YjA2NjBkXzIwLTEtMS0xLTU1MDcx_917d37c4-8de2-4360-b6cc-55d25a36e049,https://www.sec.gov/Archives/edgar/data/909832/000090983222000021/cost-20220828.htm#id3VybDovL2RvY3MudjEvZG9jOjdmOTI4MjJkZGY4NDRjMjQ5MTI2MjdiZjY4NTA5YjU2L3NlYzo3ZjkyODIyZGRmODQ0YzI0OTEyNjI3YmY2ODUwOWI1Nl8xNDUvZnJhZzpjYzI4OWUyYjJjZmM0ZDUyYmM0ZDRmOWY0M2IwMGI4Ny90YWJsZTozNzc3NTRlZDkwOTU0NDFkYmZkMGFhMjg2OGIwNjYwZC90YWJsZXJhbmdlOjM3Nzc1NGVkOTA5NTQ0MWRiZmQwYWEyODY4YjA2NjBkXzIwLTEtMS0xLTU1MDcx_917d37c4-8de2-4360-b6cc-55d25a36e049,
segments,segment_ppe_net,Canada: ppe net,2020,2172.0,PropertyPlantAndEquipmentNet,srt:ConsolidationItemsAxis=us-gaap:OperatingSegmentsMember; srt:StatementGeographicalAxis=country:CA,,2020-08-30,0000909832-22-000021,2022-10-05,id3VybDovL2RvY3MudjEvZG9jOjdmOTI4MjJkZGY4NDRjMjQ5MTI2MjdiZjY4NTA5YjU2L3NlYzo3ZjkyODIyZGRmODQ0YzI0OTEyNjI3YmY2ODUwOWI1Nl8xNDUvZnJhZzpjYzI4OWUyYjJjZmM0ZDUyYmM0ZDRmOWY0M2IwMGI4Ny90YWJsZTozNzc3NTRlZDkwOTU0NDFkYmZkMGFhMjg2OGIwNjYwZC90YWJsZXJhbmdlOjM3Nzc1NGVkOTA5NTQ0MWRiZmQwYWEyODY4YjA2NjBkXzIwLTMtMS0xLTU1MDcx_3d301d38-cfdc-45a0-ac5a-34c5f93e6df8,https://www.sec.gov/Archives/edgar/data/909832/000090983222000021/cost-20220828.htm#id3VybDovL2RvY3MudjEvZG9jOjdmOTI4MjJkZGY4NDRjMjQ5MTI2MjdiZjY4NTA5YjU2L3NlYzo3ZjkyODIyZGRmODQ0YzI0OTEyNjI3YmY2ODUwOWI1Nl8xNDUvZnJhZzpjYzI4OWUyYjJjZmM0ZDUyYmM0ZDRmOWY0M2IwMGI4Ny90YWJsZTozNzc3NTRlZDkwOTU0NDFkYmZkMGFhMjg2OGIwNjYwZC90YWJsZXJhbmdlOjM3Nzc1NGVkOTA5NTQ0MWRiZmQwYWEyODY4YjA2NjBkXzIwLTMtMS0xLTU1MDcx_3d301d38-cfdc-45a0-ac5a-34c5f93e6df8,
segments,segment_ppe_net,Other International: ppe net,2020,4719.0,PropertyPlantAndEquipmentNet,srt:ConsolidationItemsAxis=us-gaap:OperatingSegmentsMember; srt:StatementGeographicalAxis=cost:OtherInternationalMember,,2020-08-30,0000909832-22-000021,2022-10-05,id3VybDovL2RvY3MudjEvZG9jOjdmOTI4MjJkZGY4NDRjMjQ5MTI2MjdiZjY4NTA5YjU2L3NlYzo3ZjkyODIyZGRmODQ0YzI0OTEyNjI3YmY2ODUwOWI1Nl8xNDUvZnJhZzpjYzI4OWUyYjJjZmM0ZDUyYmM0ZDRmOWY0M2IwMGI4Ny90YWJsZTozNzc3NTRlZDkwOTU0NDFkYmZkMGFhMjg2OGIwNjYwZC90YWJsZXJhbmdlOjM3Nzc1NGVkOTA5NTQ0MWRiZmQwYWEyODY4YjA2NjBkXzIwLTUtMS0xLTU1MDcx_332d3d8b-fc87-4fb6-8459-a07ef1cddf85,https://www.sec.gov/Archives/edgar/data/909832/000090983222000021/cost-20220828.htm#id3VybDovL2RvY3MudjEvZG9jOjdmOTI4MjJkZGY4NDRjMjQ5MTI2MjdiZjY4NTA5YjU2L3NlYzo3ZjkyODIyZGRmODQ0YzI0OTEyNjI3YmY2ODUwOWI1Nl8xNDUvZnJhZzpjYzI4OWUyYjJjZmM0ZDUyYmM0ZDRmOWY0M2IwMGI4Ny90YWJsZTozNzc3NTRlZDkwOTU0NDFkYmZkMGFhMjg2OGIwNjYwZC90YWJsZXJhbmdlOjM3Nzc1NGVkOTA5NTQ0MWRiZmQwYWEyODY4YjA2NjBkXzIwLTUtMS0xLTU1MDcx_332d3d8b-fc87-4fb6-8459-a07ef1cddf85,
segments,segment_total_assets,United States: total assets,2020,38366.0,Assets,srt:ConsolidationItemsAxis=us-gaap:OperatingSegmentsMember; srt:StatementGeographicalAxis=country:US,,2020-08-30,0000909832-22-000021,2022-10-05,id3VybDovL2RvY3MudjEvZG9jOjdmOTI4MjJkZGY4NDRjMjQ5MTI2MjdiZjY4NTA5YjU2L3NlYzo3ZjkyODIyZGRmODQ0YzI0OTEyNjI3YmY2ODUwOWI1Nl8xNDUvZnJhZzpjYzI4OWUyYjJjZmM0ZDUyYmM0ZDRmOWY0M2IwMGI4Ny90YWJsZTozNzc3NTRlZDkwOTU0NDFkYmZkMGFhMjg2OGIwNjYwZC90YWJsZXJhbmdlOjM3Nzc1NGVkOTA5NTQ0MWRiZmQwYWEyODY4YjA2NjBkXzIxLTEtMS0xLTU1MDcx_54730b21-613d-41c4-9025-5d506be86081,https://www.sec.gov/Archives/edgar/data/909832/000090983222000021/cost-20220828.htm#id3VybDovL2RvY3MudjEvZG9jOjdmOTI4MjJkZGY4NDRjMjQ5MTI2MjdiZjY4NTA5YjU2L3NlYzo3ZjkyODIyZGRmODQ0YzI0OTEyNjI3YmY2ODUwOWI1Nl8xNDUvZnJhZzpjYzI4OWUyYjJjZmM0ZDUyYmM0ZDRmOWY0M2IwMGI4Ny90YWJsZTozNzc3NTRlZDkwOTU0NDFkYmZkMGFhMjg2OGIwNjYwZC90YWJsZXJhbmdlOjM3Nzc1NGVkOTA5NTQ0MWRiZmQwYWEyODY4YjA2NjBkXzIxLTEtMS0xLTU1MDcx_54730b21-613d-41c4-9025-5d506be86081,
segments,segment_total_assets,Canada: total assets,2020,5270.0,Assets,srt:ConsolidationItemsAxis=us-gaap:OperatingSegmentsMember; srt:StatementGeographicalAxis=country:CA,,2020-08-30,0000909832-22-000021,2022-10-05,id3VybDovL2RvY3MudjEvZG9jOjdmOTI4MjJkZGY4NDRjMjQ5MTI2MjdiZjY4NTA5YjU2L3NlYzo3ZjkyODIyZGRmODQ0YzI0OTEyNjI3YmY2ODUwOWI1Nl8xNDUvZnJhZzpjYzI4OWUyYjJjZmM0ZDUyYmM0ZDRmOWY0M2IwMGI4Ny90YWJsZTozNzc3NTRlZDkwOTU0NDFkYmZkMGFhMjg2OGIwNjYwZC90YWJsZXJhbmdlOjM3Nzc1NGVkOTA5NTQ0MWRiZmQwYWEyODY4YjA2NjBkXzIxLTMtMS0xLTU1MDcx_aa787f48-24bc-448e-9832-000f11e6f681,https://www.sec.gov/Archives/edgar/data/909832/000090983222000021/cost-20220828.htm#id3VybDovL2RvY3MudjEvZG9jOjdmOTI4MjJkZGY4NDRjMjQ5MTI2MjdiZjY4NTA5YjU2L3NlYzo3ZjkyODIyZGRmODQ0YzI0OTEyNjI3YmY2ODUwOWI1Nl8xNDUvZnJhZzpjYzI4OWUyYjJjZmM0ZDUyYmM0ZDRmOWY0M2IwMGI4Ny90YWJsZTozNzc3NTRlZDkwOTU0NDFkYmZkMGFhMjg2OGIwNjYwZC90YWJsZXJhbmdlOjM3Nzc1NGVkOTA5NTQ0MWRiZmQwYWEyODY4YjA2NjBkXzIxLTMtMS0xLTU1MDcx_aa787f48-24bc-448e-9832-000f11e6f681,
segments,segment_total_assets,Other International: total assets,2020,11920.0,Assets,srt:ConsolidationItemsAxis=us-gaap:OperatingSegmentsMember; srt:StatementGeographicalAxis=cost:OtherInternationalMember,,2020-08-30,0000909832-22-000021,2022-10-05,id3VybDovL2RvY3MudjEvZG9jOjdmOTI4MjJkZGY4NDRjMjQ5MTI2MjdiZjY4NTA5YjU2L3NlYzo3ZjkyODIyZGRmODQ0YzI0OTEyNjI3YmY2ODUwOWI1Nl8xNDUvZnJhZzpjYzI4OWUyYjJjZmM0ZDUyYmM0ZDRmOWY0M2IwMGI4Ny90YWJsZTozNzc3NTRlZDkwOTU0NDFkYmZkMGFhMjg2OGIwNjYwZC90YWJsZXJhbmdlOjM3Nzc1NGVkOTA5NTQ0MWRiZmQwYWEyODY4YjA2NjBkXzIxLTUtMS0xLTU1MDcx_fb0bdfa9-2ea7-41f4-a4b3-4074176850dc,https://www.sec.gov/Archives/edgar/data/909832/000090983222000021/cost-20220828.htm#id3VybDovL2RvY3MudjEvZG9jOjdmOTI4MjJkZGY4NDRjMjQ5MTI2MjdiZjY4NTA5YjU2L3NlYzo3ZjkyODIyZGRmODQ0YzI0OTEyNjI3YmY2ODUwOWI1Nl8xNDUvZnJhZzpjYzI4OWUyYjJjZmM0ZDUyYmM0ZDRmOWY0M2IwMGI4Ny90YWJsZTozNzc3NTRlZDkwOTU0NDFkYmZkMGFhMjg2OGIwNjYwZC90YWJsZXJhbmdlOjM3Nzc1NGVkOTA5NTQ0MWRiZmQwYWEyODY4YjA2NjBkXzIxLTUtMS0xLTU1MDcx_fb0bdfa9-2ea7-41f4-a4b3-4074176850dc,
segments,category_sales,Net sales: Foods and sundries,2020,68659.0,RevenueFromContractWithCustomerExcludingAssessedTax,srt:ProductOrServiceAxis=cost:FoodandSundriesMember,2019-09-02,2020-08-30,0000909832-22-000021,2022-10-05,id3VybDovL2RvY3MudjEvZG9jOjdmOTI4MjJkZGY4NDRjMjQ5MTI2MjdiZjY4NTA5YjU2L3NlYzo3ZjkyODIyZGRmODQ0YzI0OTEyNjI3YmY2ODUwOWI1Nl8xNDUvZnJhZzpjYzI4OWUyYjJjZmM0ZDUyYmM0ZDRmOWY0M2IwMGI4Ny90YWJsZTo3ZDRmNzMwMzA0NWE0MjU4YjFhOTRlYWYxMTI1OGMzOS90YWJsZXJhbmdlOjdkNGY3MzAzMDQ1YTQyNThiMWE5NGVhZjExMjU4YzM5XzEtNS0xLTEtNTUwNzE_49685164-d262-4767-9b47-064e33057c46,https://www.sec.gov/Archives/edgar/data/909832/000090983222000021/cost-20220828.htm#id3VybDovL2RvY3MudjEvZG9jOjdmOTI4MjJkZGY4NDRjMjQ5MTI2MjdiZjY4NTA5YjU2L3NlYzo3ZjkyODIyZGRmODQ0YzI0OTEyNjI3YmY2ODUwOWI1Nl8xNDUvZnJhZzpjYzI4OWUyYjJjZmM0ZDUyYmM0ZDRmOWY0M2IwMGI4Ny90YWJsZTo3ZDRmNzMwMzA0NWE0MjU4YjFhOTRlYWYxMTI1OGMzOS90YWJsZXJhbmdlOjdkNGY3MzAzMDQ1YTQyNThiMWE5NGVhZjExMjU4YzM5XzEtNS0xLTEtNTUwNzE_49685164-d262-4767-9b47-064e33057c46,
segments,category_sales,Net sales: Non-foods,2020,44807.0,RevenueFromContractWithCustomerExcludingAssessedTax,srt:ProductOrServiceAxis=cost:NonFoodsMember,2019-09-02,2020-08-30,0000909832-22-000021,2022-10-05,id3VybDovL2RvY3MudjEvZG9jOjdmOTI4MjJkZGY4NDRjMjQ5MTI2MjdiZjY4NTA5YjU2L3NlYzo3ZjkyODIyZGRmODQ0YzI0OTEyNjI3YmY2ODUwOWI1Nl8xNDUvZnJhZzpjYzI4OWUyYjJjZmM0ZDUyYmM0ZDRmOWY0M2IwMGI4Ny90YWJsZTo3ZDRmNzMwMzA0NWE0MjU4YjFhOTRlYWYxMTI1OGMzOS90YWJsZXJhbmdlOjdkNGY3MzAzMDQ1YTQyNThiMWE5NGVhZjExMjU4YzM5XzItNS0xLTEtNTUwNzE_4dbc7911-a6a3-4943-82da-9138de545e60,https://www.sec.gov/Archives/edgar/data/909832/000090983222000021/cost-20220828.htm#id3VybDovL2RvY3MudjEvZG9jOjdmOTI4MjJkZGY4NDRjMjQ5MTI2MjdiZjY4NTA5YjU2L3NlYzo3ZjkyODIyZGRmODQ0YzI0OTEyNjI3YmY2ODUwOWI1Nl8xNDUvZnJhZzpjYzI4OWUyYjJjZmM0ZDUyYmM0ZDRmOWY0M2IwMGI4Ny90YWJsZTo3ZDRmNzMwMzA0NWE0MjU4YjFhOTRlYWYxMTI1OGMzOS90YWJsZXJhbmdlOjdkNGY3MzAzMDQ1YTQyNThiMWE5NGVhZjExMjU4YzM5XzItNS0xLTEtNTUwNzE_4dbc7911-a6a3-4943-82da-9138de545e60,
segments,category_sales,Net sales: Fresh foods,2020,23204.0,RevenueFromContractWithCustomerExcludingAssessedTax,srt:ProductOrServiceAxis=cost:FreshFoodMember,2019-09-02,2020-08-30,0000909832-22-000021,2022-10-05,id3VybDovL2RvY3MudjEvZG9jOjdmOTI4MjJkZGY4NDRjMjQ5MTI2MjdiZjY4NTA5YjU2L3NlYzo3ZjkyODIyZGRmODQ0YzI0OTEyNjI3YmY2ODUwOWI1Nl8xNDUvZnJhZzpjYzI4OWUyYjJjZmM0ZDUyYmM0ZDRmOWY0M2IwMGI4Ny90YWJsZTo3ZDRmNzMwMzA0NWE0MjU4YjFhOTRlYWYxMTI1OGMzOS90YWJsZXJhbmdlOjdkNGY3MzAzMDQ1YTQyNThiMWE5NGVhZjExMjU4YzM5XzMtNS0xLTEtNTUwNzE_ce827372-4d61-4781-8800-83ea9ef0d16d,https://www.sec.gov/Archives/edgar/data/909832/000090983222000021/cost-20220828.htm#id3VybDovL2RvY3MudjEvZG9jOjdmOTI4MjJkZGY4NDRjMjQ5MTI2MjdiZjY4NTA5YjU2L3NlYzo3ZjkyODIyZGRmODQ0YzI0OTEyNjI3YmY2ODUwOWI1Nl8xNDUvZnJhZzpjYzI4OWUyYjJjZmM0ZDUyYmM0ZDRmOWY0M2IwMGI4Ny90YWJsZTo3ZDRmNzMwMzA0NWE0MjU4YjFhOTRlYWYxMTI1OGMzOS90YWJsZXJhbmdlOjdkNGY3MzAzMDQ1YTQyNThiMWE5NGVhZjExMjU4YzM5XzMtNS0xLTEtNTUwNzE_ce827372-4d61-4781-8800-83ea9ef0d16d,
segments,category_sales,Net sales: Warehouse ancillary and other,2020,26550.0,RevenueFromContractWithCustomerExcludingAssessedTax,srt:ProductOrServiceAxis=cost:OtherMember,2019-09-02,2020-08-30,0000909832-22-000021,2022-10-05,id3VybDovL2RvY3MudjEvZG9jOjdmOTI4MjJkZGY4NDRjMjQ5MTI2MjdiZjY4NTA5YjU2L3NlYzo3ZjkyODIyZGRmODQ0YzI0OTEyNjI3YmY2ODUwOWI1Nl8xNDUvZnJhZzpjYzI4OWUyYjJjZmM0ZDUyYmM0ZDRmOWY0M2IwMGI4Ny90YWJsZTo3ZDRmNzMwMzA0NWE0MjU4YjFhOTRlYWYxMTI1OGMzOS90YWJsZXJhbmdlOjdkNGY3MzAzMDQ1YTQyNThiMWE5NGVhZjExMjU4YzM5XzQtNS0xLTEtNTUwNzE_086022f8-4a2d-494a-aac0-3ba449a910c2,https://www.sec.gov/Archives/edgar/data/909832/000090983222000021/cost-20220828.htm#id3VybDovL2RvY3MudjEvZG9jOjdmOTI4MjJkZGY4NDRjMjQ5MTI2MjdiZjY4NTA5YjU2L3NlYzo3ZjkyODIyZGRmODQ0YzI0OTEyNjI3YmY2ODUwOWI1Nl8xNDUvZnJhZzpjYzI4OWUyYjJjZmM0ZDUyYmM0ZDRmOWY0M2IwMGI4Ny90YWJsZTo3ZDRmNzMwMzA0NWE0MjU4YjFhOTRlYWYxMTI1OGMzOS90YWJsZXJhbmdlOjdkNGY3MzAzMDQ1YTQyNThiMWE5NGVhZjExMjU4YzM5XzQtNS0xLTEtNTUwNzE_086022f8-4a2d-494a-aac0-3ba449a910c2,
segments,segment_revenue,United States: revenue,2021,141398.0,Revenues,srt:ConsolidationItemsAxis=us-gaap:OperatingSegmentsMember; srt:StatementGeographicalAxis=country:US,2020-08-31,2021-08-29,0000909832-23-000042,2023-10-11,f-932,https://www.sec.gov/Archives/edgar/data/909832/000090983223000042/cost-20230903.htm#f-932,
segments,segment_revenue,Canada: revenue,2021,27298.0,Revenues,srt:ConsolidationItemsAxis=us-gaap:OperatingSegmentsMember; srt:StatementGeographicalAxis=country:CA,2020-08-31,2021-08-29,0000909832-23-000042,2023-10-11,f-933,https://www.sec.gov/Archives/edgar/data/909832/000090983223000042/cost-20230903.htm#f-933,
segments,segment_revenue,Other International: revenue,2021,27233.0,Revenues,srt:ConsolidationItemsAxis=us-gaap:OperatingSegmentsMember; srt:StatementGeographicalAxis=cost:OtherInternationalMember,2020-08-31,2021-08-29,0000909832-23-000042,2023-10-11,f-934,https://www.sec.gov/Archives/edgar/data/909832/000090983223000042/cost-20230903.htm#f-934,
segments,segment_operating_income,United States: operating income,2021,4470.0,OperatingIncomeLoss,srt:ConsolidationItemsAxis=us-gaap:OperatingSegmentsMember; srt:StatementGeographicalAxis=country:US,2020-08-31,2021-08-29,0000909832-23-000042,2023-10-11,f-936,https://www.sec.gov/Archives/edgar/data/909832/000090983223000042/cost-20230903.htm#f-936,
segments,segment_operating_income,Canada: operating income,2021,1093.0,OperatingIncomeLoss,srt:ConsolidationItemsAxis=us-gaap:OperatingSegmentsMember; srt:StatementGeographicalAxis=country:CA,2020-08-31,2021-08-29,0000909832-23-000042,2023-10-11,f-937,https://www.sec.gov/Archives/edgar/data/909832/000090983223000042/cost-20230903.htm#f-937,
segments,segment_operating_income,Other International: operating income,2021,1145.0,OperatingIncomeLoss,srt:ConsolidationItemsAxis=us-gaap:OperatingSegmentsMember; srt:StatementGeographicalAxis=cost:OtherInternationalMember,2020-08-31,2021-08-29,0000909832-23-000042,2023-10-11,f-938,https://www.sec.gov/Archives/edgar/data/909832/000090983223000042/cost-20230903.htm#f-938,
segments,segment_d_and_a,United States: d and a,2021,1339.0,DepreciationDepletionAndAmortization,srt:ConsolidationItemsAxis=us-gaap:OperatingSegmentsMember; srt:StatementGeographicalAxis=country:US,2020-08-31,2021-08-29,0000909832-23-000042,2023-10-11,f-940,https://www.sec.gov/Archives/edgar/data/909832/000090983223000042/cost-20230903.htm#f-940,
segments,segment_d_and_a,Canada: d and a,2021,177.0,DepreciationDepletionAndAmortization,srt:ConsolidationItemsAxis=us-gaap:OperatingSegmentsMember; srt:StatementGeographicalAxis=country:CA,2020-08-31,2021-08-29,0000909832-23-000042,2023-10-11,f-941,https://www.sec.gov/Archives/edgar/data/909832/000090983223000042/cost-20230903.htm#f-941,
segments,segment_d_and_a,Other International: d and a,2021,265.0,DepreciationDepletionAndAmortization,srt:ConsolidationItemsAxis=us-gaap:OperatingSegmentsMember; srt:StatementGeographicalAxis=cost:OtherInternationalMember,2020-08-31,2021-08-29,0000909832-23-000042,2023-10-11,f-942,https://www.sec.gov/Archives/edgar/data/909832/000090983223000042/cost-20230903.htm#f-942,
segments,segment_capex,United States: capex,2021,2612.0,PaymentsToAcquirePropertyPlantAndEquipment,srt:ConsolidationItemsAxis=us-gaap:OperatingSegmentsMember; srt:StatementGeographicalAxis=country:US,2020-08-31,2021-08-29,0000909832-23-000042,2023-10-11,f-944,https://www.sec.gov/Archives/edgar/data/909832/000090983223000042/cost-20230903.htm#f-944,
segments,segment_capex,Canada: capex,2021,272.0,PaymentsToAcquirePropertyPlantAndEquipment,srt:ConsolidationItemsAxis=us-gaap:OperatingSegmentsMember; srt:StatementGeographicalAxis=country:CA,2020-08-31,2021-08-29,0000909832-23-000042,2023-10-11,f-945,https://www.sec.gov/Archives/edgar/data/909832/000090983223000042/cost-20230903.htm#f-945,
segments,segment_capex,Other International: capex,2021,704.0,PaymentsToAcquirePropertyPlantAndEquipment,srt:ConsolidationItemsAxis=us-gaap:OperatingSegmentsMember; srt:StatementGeographicalAxis=cost:OtherInternationalMember,2020-08-31,2021-08-29,0000909832-23-000042,2023-10-11,f-946,https://www.sec.gov/Archives/edgar/data/909832/000090983223000042/cost-20230903.htm#f-946,
segments,segment_ppe_net,United States: ppe net,2021,15993.0,PropertyPlantAndEquipmentNet,srt:ConsolidationItemsAxis=us-gaap:OperatingSegmentsMember; srt:StatementGeographicalAxis=country:US,,2021-08-29,0000909832-23-000042,2023-10-11,f-948,https://www.sec.gov/Archives/edgar/data/909832/000090983223000042/cost-20230903.htm#f-948,
segments,segment_ppe_net,Canada: ppe net,2021,2317.0,PropertyPlantAndEquipmentNet,srt:ConsolidationItemsAxis=us-gaap:OperatingSegmentsMember; srt:StatementGeographicalAxis=country:CA,,2021-08-29,0000909832-23-000042,2023-10-11,f-949,https://www.sec.gov/Archives/edgar/data/909832/000090983223000042/cost-20230903.htm#f-949,
segments,segment_ppe_net,Other International: ppe net,2021,5182.0,PropertyPlantAndEquipmentNet,srt:ConsolidationItemsAxis=us-gaap:OperatingSegmentsMember; srt:StatementGeographicalAxis=cost:OtherInternationalMember,,2021-08-29,0000909832-23-000042,2023-10-11,f-950,https://www.sec.gov/Archives/edgar/data/909832/000090983223000042/cost-20230903.htm#f-950,
segments,segment_total_assets,United States: total assets,2021,39589.0,Assets,srt:ConsolidationItemsAxis=us-gaap:OperatingSegmentsMember; srt:StatementGeographicalAxis=country:US,,2021-08-29,0000909832-23-000042,2023-10-11,f-952,https://www.sec.gov/Archives/edgar/data/909832/000090983223000042/cost-20230903.htm#f-952,
segments,segment_total_assets,Canada: total assets,2021,5962.0,Assets,srt:ConsolidationItemsAxis=us-gaap:OperatingSegmentsMember; srt:StatementGeographicalAxis=country:CA,,2021-08-29,0000909832-23-000042,2023-10-11,f-953,https://www.sec.gov/Archives/edgar/data/909832/000090983223000042/cost-20230903.htm#f-953,
segments,segment_total_assets,Other International: total assets,2021,13717.0,Assets,srt:ConsolidationItemsAxis=us-gaap:OperatingSegmentsMember; srt:StatementGeographicalAxis=cost:OtherInternationalMember,,2021-08-29,0000909832-23-000042,2023-10-11,f-954,https://www.sec.gov/Archives/edgar/data/909832/000090983223000042/cost-20230903.htm#f-954,
segments,category_sales,Net sales: Foods and sundries,2021,77277.0,RevenueFromContractWithCustomerExcludingAssessedTax,srt:ProductOrServiceAxis=cost:FoodandSundriesMember,2020-08-31,2021-08-29,0000909832-23-000042,2023-10-11,f-959,https://www.sec.gov/Archives/edgar/data/909832/000090983223000042/cost-20230903.htm#f-959,
segments,category_sales,Net sales: Non-foods,2021,55966.0,RevenueFromContractWithCustomerExcludingAssessedTax,srt:ProductOrServiceAxis=cost:NonFoodsMember,2020-08-31,2021-08-29,0000909832-23-000042,2023-10-11,f-962,https://www.sec.gov/Archives/edgar/data/909832/000090983223000042/cost-20230903.htm#f-962,
segments,category_sales,Net sales: Fresh foods,2021,27183.0,RevenueFromContractWithCustomerExcludingAssessedTax,srt:ProductOrServiceAxis=cost:FreshFoodMember,2020-08-31,2021-08-29,0000909832-23-000042,2023-10-11,f-965,https://www.sec.gov/Archives/edgar/data/909832/000090983223000042/cost-20230903.htm#f-965,
segments,category_sales,Net sales: Warehouse ancillary and other,2021,31626.0,RevenueFromContractWithCustomerExcludingAssessedTax,srt:ProductOrServiceAxis=cost:OtherMember,2020-08-31,2021-08-29,0000909832-23-000042,2023-10-11,f-968,https://www.sec.gov/Archives/edgar/data/909832/000090983223000042/cost-20230903.htm#f-968,
segments,segment_revenue,United States: revenue,2022,165294.0,Revenues,srt:ConsolidationItemsAxis=us-gaap:OperatingSegmentsMember; srt:StatementGeographicalAxis=country:US,2021-08-30,2022-08-28,0000909832-24-000049,2024-10-09,f-936,https://www.sec.gov/Archives/edgar/data/909832/000090983224000049/cost-20240901.htm#f-936,
segments,segment_revenue,Canada: revenue,2022,31675.0,Revenues,srt:ConsolidationItemsAxis=us-gaap:OperatingSegmentsMember; srt:StatementGeographicalAxis=country:CA,2021-08-30,2022-08-28,0000909832-24-000049,2024-10-09,f-937,https://www.sec.gov/Archives/edgar/data/909832/000090983224000049/cost-20240901.htm#f-937,
segments,segment_revenue,Other International: revenue,2022,29985.0,Revenues,srt:ConsolidationItemsAxis=us-gaap:OperatingSegmentsMember; srt:StatementGeographicalAxis=cost:OtherInternationalMember,2021-08-30,2022-08-28,0000909832-24-000049,2024-10-09,f-938,https://www.sec.gov/Archives/edgar/data/909832/000090983224000049/cost-20240901.htm#f-938,
segments,segment_operating_income,United States: operating income,2022,5268.0,OperatingIncomeLoss,srt:ConsolidationItemsAxis=us-gaap:OperatingSegmentsMember; srt:StatementGeographicalAxis=country:US,2021-08-30,2022-08-28,0000909832-24-000049,2024-10-09,f-940,https://www.sec.gov/Archives/edgar/data/909832/000090983224000049/cost-20240901.htm#f-940,
segments,segment_operating_income,Canada: operating income,2022,1346.0,OperatingIncomeLoss,srt:ConsolidationItemsAxis=us-gaap:OperatingSegmentsMember; srt:StatementGeographicalAxis=country:CA,2021-08-30,2022-08-28,0000909832-24-000049,2024-10-09,f-941,https://www.sec.gov/Archives/edgar/data/909832/000090983224000049/cost-20240901.htm#f-941,
segments,segment_operating_income,Other International: operating income,2022,1179.0,OperatingIncomeLoss,srt:ConsolidationItemsAxis=us-gaap:OperatingSegmentsMember; srt:StatementGeographicalAxis=cost:OtherInternationalMember,2021-08-30,2022-08-28,0000909832-24-000049,2024-10-09,f-942,https://www.sec.gov/Archives/edgar/data/909832/000090983224000049/cost-20240901.htm#f-942,
segments,segment_d_and_a,United States: d and a,2022,1436.0,DepreciationDepletionAndAmortization,srt:ConsolidationItemsAxis=us-gaap:OperatingSegmentsMember; srt:StatementGeographicalAxis=country:US,2021-08-30,2022-08-28,0000909832-24-000049,2024-10-09,f-944,https://www.sec.gov/Archives/edgar/data/909832/000090983224000049/cost-20240901.htm#f-944,
segments,segment_d_and_a,Canada: d and a,2022,180.0,DepreciationDepletionAndAmortization,srt:ConsolidationItemsAxis=us-gaap:OperatingSegmentsMember; srt:StatementGeographicalAxis=country:CA,2021-08-30,2022-08-28,0000909832-24-000049,2024-10-09,f-945,https://www.sec.gov/Archives/edgar/data/909832/000090983224000049/cost-20240901.htm#f-945,
segments,segment_d_and_a,Other International: d and a,2022,284.0,DepreciationDepletionAndAmortization,srt:ConsolidationItemsAxis=us-gaap:OperatingSegmentsMember; srt:StatementGeographicalAxis=cost:OtherInternationalMember,2021-08-30,2022-08-28,0000909832-24-000049,2024-10-09,f-946,https://www.sec.gov/Archives/edgar/data/909832/000090983224000049/cost-20240901.htm#f-946,
segments,segment_capex,United States: capex,2022,2795.0,SegmentExpenditureAdditionToLongLivedAssets,srt:ConsolidationItemsAxis=us-gaap:OperatingSegmentsMember; srt:StatementGeographicalAxis=country:US,2021-08-30,2022-08-28,0000909832-24-000049,2024-10-09,f-948,https://www.sec.gov/Archives/edgar/data/909832/000090983224000049/cost-20240901.htm#f-948,
segments,segment_capex,Canada: capex,2022,388.0,SegmentExpenditureAdditionToLongLivedAssets,srt:ConsolidationItemsAxis=us-gaap:OperatingSegmentsMember; srt:StatementGeographicalAxis=country:CA,2021-08-30,2022-08-28,0000909832-24-000049,2024-10-09,f-949,https://www.sec.gov/Archives/edgar/data/909832/000090983224000049/cost-20240901.htm#f-949,
segments,segment_capex,Other International: capex,2022,708.0,SegmentExpenditureAdditionToLongLivedAssets,srt:ConsolidationItemsAxis=us-gaap:OperatingSegmentsMember; srt:StatementGeographicalAxis=cost:OtherInternationalMember,2021-08-30,2022-08-28,0000909832-24-000049,2024-10-09,f-950,https://www.sec.gov/Archives/edgar/data/909832/000090983224000049/cost-20240901.htm#f-950,
segments,segment_ppe_net,United States: ppe net,2022,17205.0,PropertyPlantAndEquipmentNet,srt:ConsolidationItemsAxis=us-gaap:OperatingSegmentsMember; srt:StatementGeographicalAxis=country:US,,2022-08-28,0000909832-24-000049,2024-10-09,f-952,https://www.sec.gov/Archives/edgar/data/909832/000090983224000049/cost-20240901.htm#f-952,
segments,segment_ppe_net,Canada: ppe net,2022,2459.0,PropertyPlantAndEquipmentNet,srt:ConsolidationItemsAxis=us-gaap:OperatingSegmentsMember; srt:StatementGeographicalAxis=country:CA,,2022-08-28,0000909832-24-000049,2024-10-09,f-953,https://www.sec.gov/Archives/edgar/data/909832/000090983224000049/cost-20240901.htm#f-953,
segments,segment_ppe_net,Other International: ppe net,2022,4982.0,PropertyPlantAndEquipmentNet,srt:ConsolidationItemsAxis=us-gaap:OperatingSegmentsMember; srt:StatementGeographicalAxis=cost:OtherInternationalMember,,2022-08-28,0000909832-24-000049,2024-10-09,f-954,https://www.sec.gov/Archives/edgar/data/909832/000090983224000049/cost-20240901.htm#f-954,
segments,segment_total_assets,United States: total assets,2022,44904.0,Assets,srt:ConsolidationItemsAxis=us-gaap:OperatingSegmentsMember; srt:StatementGeographicalAxis=country:US,,2022-08-28,0000909832-24-000049,2024-10-09,f-956,https://www.sec.gov/Archives/edgar/data/909832/000090983224000049/cost-20240901.htm#f-956,
segments,segment_total_assets,Canada: total assets,2022,6558.0,Assets,srt:ConsolidationItemsAxis=us-gaap:OperatingSegmentsMember; srt:StatementGeographicalAxis=country:CA,,2022-08-28,0000909832-24-000049,2024-10-09,f-957,https://www.sec.gov/Archives/edgar/data/909832/000090983224000049/cost-20240901.htm#f-957,
segments,segment_total_assets,Other International: total assets,2022,12704.0,Assets,srt:ConsolidationItemsAxis=us-gaap:OperatingSegmentsMember; srt:StatementGeographicalAxis=cost:OtherInternationalMember,,2022-08-28,0000909832-24-000049,2024-10-09,f-958,https://www.sec.gov/Archives/edgar/data/909832/000090983224000049/cost-20240901.htm#f-958,
segments,category_sales,Net sales: Foods and sundries,2022,85629.0,RevenueFromContractWithCustomerExcludingAssessedTax,srt:ProductOrServiceAxis=cost:FoodandSundriesMember,2021-08-30,2022-08-28,0000909832-24-000049,2024-10-09,f-963,https://www.sec.gov/Archives/edgar/data/909832/000090983224000049/cost-20240901.htm#f-963,
segments,category_sales,Net sales: Non-foods,2022,61100.0,RevenueFromContractWithCustomerExcludingAssessedTax,srt:ProductOrServiceAxis=cost:NonFoodsMember,2021-08-30,2022-08-28,0000909832-24-000049,2024-10-09,f-966,https://www.sec.gov/Archives/edgar/data/909832/000090983224000049/cost-20240901.htm#f-966,
segments,category_sales,Net sales: Fresh foods,2022,29527.0,RevenueFromContractWithCustomerExcludingAssessedTax,srt:ProductOrServiceAxis=cost:FreshFoodMember,2021-08-30,2022-08-28,0000909832-24-000049,2024-10-09,f-969,https://www.sec.gov/Archives/edgar/data/909832/000090983224000049/cost-20240901.htm#f-969,
segments,category_sales,Net sales: Warehouse ancillary and other,2022,46474.0,RevenueFromContractWithCustomerExcludingAssessedTax,srt:ProductOrServiceAxis=cost:OtherMember,2021-08-30,2022-08-28,0000909832-24-000049,2024-10-09,f-972,https://www.sec.gov/Archives/edgar/data/909832/000090983224000049/cost-20240901.htm#f-972,
segments,segment_revenue,United States: revenue,2023,176630.0,Revenues,srt:ConsolidationItemsAxis=us-gaap:OperatingSegmentsMember; srt:StatementGeographicalAxis=country:US,2022-08-29,2023-09-03,0000909832-24-000049,2024-10-09,f-912,https://www.sec.gov/Archives/edgar/data/909832/000090983224000049/cost-20240901.htm#f-912,
segments,segment_revenue,Canada: revenue,2023,33056.0,Revenues,srt:ConsolidationItemsAxis=us-gaap:OperatingSegmentsMember; srt:StatementGeographicalAxis=country:CA,2022-08-29,2023-09-03,0000909832-24-000049,2024-10-09,f-913,https://www.sec.gov/Archives/edgar/data/909832/000090983224000049/cost-20240901.htm#f-913,
segments,segment_revenue,Other International: revenue,2023,32604.0,Revenues,srt:ConsolidationItemsAxis=us-gaap:OperatingSegmentsMember; srt:StatementGeographicalAxis=cost:OtherInternationalMember,2022-08-29,2023-09-03,0000909832-24-000049,2024-10-09,f-914,https://www.sec.gov/Archives/edgar/data/909832/000090983224000049/cost-20240901.htm#f-914,
segments,segment_operating_income,United States: operating income,2023,5392.0,OperatingIncomeLoss,srt:ConsolidationItemsAxis=us-gaap:OperatingSegmentsMember; srt:StatementGeographicalAxis=country:US,2022-08-29,2023-09-03,0000909832-24-000049,2024-10-09,f-916,https://www.sec.gov/Archives/edgar/data/909832/000090983224000049/cost-20240901.htm#f-916,
segments,segment_operating_income,Canada: operating income,2023,1448.0,OperatingIncomeLoss,srt:ConsolidationItemsAxis=us-gaap:OperatingSegmentsMember; srt:StatementGeographicalAxis=country:CA,2022-08-29,2023-09-03,0000909832-24-000049,2024-10-09,f-917,https://www.sec.gov/Archives/edgar/data/909832/000090983224000049/cost-20240901.htm#f-917,
segments,segment_operating_income,Other International: operating income,2023,1274.0,OperatingIncomeLoss,srt:ConsolidationItemsAxis=us-gaap:OperatingSegmentsMember; srt:StatementGeographicalAxis=cost:OtherInternationalMember,2022-08-29,2023-09-03,0000909832-24-000049,2024-10-09,f-918,https://www.sec.gov/Archives/edgar/data/909832/000090983224000049/cost-20240901.htm#f-918,
segments,segment_d_and_a,United States: d and a,2023,1599.0,DepreciationDepletionAndAmortization,srt:ConsolidationItemsAxis=us-gaap:OperatingSegmentsMember; srt:StatementGeographicalAxis=country:US,2022-08-29,2023-09-03,0000909832-24-000049,2024-10-09,f-920,https://www.sec.gov/Archives/edgar/data/909832/000090983224000049/cost-20240901.htm#f-920,
segments,segment_d_and_a,Canada: d and a,2023,183.0,DepreciationDepletionAndAmortization,srt:ConsolidationItemsAxis=us-gaap:OperatingSegmentsMember; srt:StatementGeographicalAxis=country:CA,2022-08-29,2023-09-03,0000909832-24-000049,2024-10-09,f-921,https://www.sec.gov/Archives/edgar/data/909832/000090983224000049/cost-20240901.htm#f-921,
segments,segment_d_and_a,Other International: d and a,2023,295.0,DepreciationDepletionAndAmortization,srt:ConsolidationItemsAxis=us-gaap:OperatingSegmentsMember; srt:StatementGeographicalAxis=cost:OtherInternationalMember,2022-08-29,2023-09-03,0000909832-24-000049,2024-10-09,f-922,https://www.sec.gov/Archives/edgar/data/909832/000090983224000049/cost-20240901.htm#f-922,
segments,segment_capex,United States: capex,2023,3288.0,SegmentExpenditureAdditionToLongLivedAssets,srt:ConsolidationItemsAxis=us-gaap:OperatingSegmentsMember; srt:StatementGeographicalAxis=country:US,2022-08-29,2023-09-03,0000909832-24-000049,2024-10-09,f-924,https://www.sec.gov/Archives/edgar/data/909832/000090983224000049/cost-20240901.htm#f-924,
segments,segment_capex,Canada: capex,2023,281.0,SegmentExpenditureAdditionToLongLivedAssets,srt:ConsolidationItemsAxis=us-gaap:OperatingSegmentsMember; srt:StatementGeographicalAxis=country:CA,2022-08-29,2023-09-03,0000909832-24-000049,2024-10-09,f-925,https://www.sec.gov/Archives/edgar/data/909832/000090983224000049/cost-20240901.htm#f-925,
segments,segment_capex,Other International: capex,2023,754.0,SegmentExpenditureAdditionToLongLivedAssets,srt:ConsolidationItemsAxis=us-gaap:OperatingSegmentsMember; srt:StatementGeographicalAxis=cost:OtherInternationalMember,2022-08-29,2023-09-03,0000909832-24-000049,2024-10-09,f-926,https://www.sec.gov/Archives/edgar/data/909832/000090983224000049/cost-20240901.htm#f-926,
segments,segment_ppe_net,United States: ppe net,2023,18760.0,PropertyPlantAndEquipmentNet,srt:ConsolidationItemsAxis=us-gaap:OperatingSegmentsMember; srt:StatementGeographicalAxis=country:US,,2023-09-03,0000909832-24-000049,2024-10-09,f-928,https://www.sec.gov/Archives/edgar/data/909832/000090983224000049/cost-20240901.htm#f-928,
segments,segment_ppe_net,Canada: ppe net,2023,2443.0,PropertyPlantAndEquipmentNet,srt:ConsolidationItemsAxis=us-gaap:OperatingSegmentsMember; srt:StatementGeographicalAxis=country:CA,,2023-09-03,0000909832-24-000049,2024-10-09,f-929,https://www.sec.gov/Archives/edgar/data/909832/000090983224000049/cost-20240901.htm#f-929,
segments,segment_ppe_net,Other International: ppe net,2023,5481.0,PropertyPlantAndEquipmentNet,srt:ConsolidationItemsAxis=us-gaap:OperatingSegmentsMember; srt:StatementGeographicalAxis=cost:OtherInternationalMember,,2023-09-03,0000909832-24-000049,2024-10-09,f-930,https://www.sec.gov/Archives/edgar/data/909832/000090983224000049/cost-20240901.htm#f-930,
segments,segment_total_assets,United States: total assets,2023,49189.0,Assets,srt:ConsolidationItemsAxis=us-gaap:OperatingSegmentsMember; srt:StatementGeographicalAxis=country:US,,2023-09-03,0000909832-24-000049,2024-10-09,f-932,https://www.sec.gov/Archives/edgar/data/909832/000090983224000049/cost-20240901.htm#f-932,
segments,segment_total_assets,Canada: total assets,2023,6420.0,Assets,srt:ConsolidationItemsAxis=us-gaap:OperatingSegmentsMember; srt:StatementGeographicalAxis=country:CA,,2023-09-03,0000909832-24-000049,2024-10-09,f-933,https://www.sec.gov/Archives/edgar/data/909832/000090983224000049/cost-20240901.htm#f-933,
segments,segment_total_assets,Other International: total assets,2023,13385.0,Assets,srt:ConsolidationItemsAxis=us-gaap:OperatingSegmentsMember; srt:StatementGeographicalAxis=cost:OtherInternationalMember,,2023-09-03,0000909832-24-000049,2024-10-09,f-934,https://www.sec.gov/Archives/edgar/data/909832/000090983224000049/cost-20240901.htm#f-934,
segments,category_sales,Net sales: Foods and sundries,2023,96175.0,RevenueFromContractWithCustomerExcludingAssessedTax,srt:ProductOrServiceAxis=cost:FoodandSundriesMember,2022-08-29,2023-09-03,0000909832-24-000049,2024-10-09,f-962,https://www.sec.gov/Archives/edgar/data/909832/000090983224000049/cost-20240901.htm#f-962,
segments,category_sales,Net sales: Non-foods,2023,60865.0,RevenueFromContractWithCustomerExcludingAssessedTax,srt:ProductOrServiceAxis=cost:NonFoodsMember,2022-08-29,2023-09-03,0000909832-24-000049,2024-10-09,f-965,https://www.sec.gov/Archives/edgar/data/909832/000090983224000049/cost-20240901.htm#f-965,
segments,category_sales,Net sales: Fresh foods,2023,31977.0,RevenueFromContractWithCustomerExcludingAssessedTax,srt:ProductOrServiceAxis=cost:FreshFoodMember,2022-08-29,2023-09-03,0000909832-24-000049,2024-10-09,f-968,https://www.sec.gov/Archives/edgar/data/909832/000090983224000049/cost-20240901.htm#f-968,
segments,category_sales,Net sales: Warehouse ancillary and other,2023,48693.0,RevenueFromContractWithCustomerExcludingAssessedTax,srt:ProductOrServiceAxis=cost:OtherMember,2022-08-29,2023-09-03,0000909832-24-000049,2024-10-09,f-971,https://www.sec.gov/Archives/edgar/data/909832/000090983224000049/cost-20240901.htm#f-971,
segments,segment_revenue,United States: revenue,2024,184143.0,Revenues,srt:ConsolidationItemsAxis=us-gaap:OperatingSegmentsMember; srt:StatementGeographicalAxis=country:US,2023-09-04,2024-09-01,0000909832-24-000049,2024-10-09,f-888,https://www.sec.gov/Archives/edgar/data/909832/000090983224000049/cost-20240901.htm#f-888,
segments,segment_revenue,Canada: revenue,2024,34874.0,Revenues,srt:ConsolidationItemsAxis=us-gaap:OperatingSegmentsMember; srt:StatementGeographicalAxis=country:CA,2023-09-04,2024-09-01,0000909832-24-000049,2024-10-09,f-889,https://www.sec.gov/Archives/edgar/data/909832/000090983224000049/cost-20240901.htm#f-889,
segments,segment_revenue,Other International: revenue,2024,35436.0,Revenues,srt:ConsolidationItemsAxis=us-gaap:OperatingSegmentsMember; srt:StatementGeographicalAxis=cost:OtherInternationalMember,2023-09-04,2024-09-01,0000909832-24-000049,2024-10-09,f-890,https://www.sec.gov/Archives/edgar/data/909832/000090983224000049/cost-20240901.htm#f-890,
segments,segment_operating_income,United States: operating income,2024,6217.0,OperatingIncomeLoss,srt:ConsolidationItemsAxis=us-gaap:OperatingSegmentsMember; srt:StatementGeographicalAxis=country:US,2023-09-04,2024-09-01,0000909832-24-000049,2024-10-09,f-892,https://www.sec.gov/Archives/edgar/data/909832/000090983224000049/cost-20240901.htm#f-892,
segments,segment_operating_income,Canada: operating income,2024,1648.0,OperatingIncomeLoss,srt:ConsolidationItemsAxis=us-gaap:OperatingSegmentsMember; srt:StatementGeographicalAxis=country:CA,2023-09-04,2024-09-01,0000909832-24-000049,2024-10-09,f-893,https://www.sec.gov/Archives/edgar/data/909832/000090983224000049/cost-20240901.htm#f-893,
segments,segment_operating_income,Other International: operating income,2024,1420.0,OperatingIncomeLoss,srt:ConsolidationItemsAxis=us-gaap:OperatingSegmentsMember; srt:StatementGeographicalAxis=cost:OtherInternationalMember,2023-09-04,2024-09-01,0000909832-24-000049,2024-10-09,f-894,https://www.sec.gov/Archives/edgar/data/909832/000090983224000049/cost-20240901.htm#f-894,
segments,segment_d_and_a,United States: d and a,2024,1730.0,DepreciationDepletionAndAmortization,srt:ConsolidationItemsAxis=us-gaap:OperatingSegmentsMember; srt:StatementGeographicalAxis=country:US,2023-09-04,2024-09-01,0000909832-24-000049,2024-10-09,f-896,https://www.sec.gov/Archives/edgar/data/909832/000090983224000049/cost-20240901.htm#f-896,
segments,segment_d_and_a,Canada: d and a,2024,192.0,DepreciationDepletionAndAmortization,srt:ConsolidationItemsAxis=us-gaap:OperatingSegmentsMember; srt:StatementGeographicalAxis=country:CA,2023-09-04,2024-09-01,0000909832-24-000049,2024-10-09,f-897,https://www.sec.gov/Archives/edgar/data/909832/000090983224000049/cost-20240901.htm#f-897,
segments,segment_d_and_a,Other International: d and a,2024,315.0,DepreciationDepletionAndAmortization,srt:ConsolidationItemsAxis=us-gaap:OperatingSegmentsMember; srt:StatementGeographicalAxis=cost:OtherInternationalMember,2023-09-04,2024-09-01,0000909832-24-000049,2024-10-09,f-898,https://www.sec.gov/Archives/edgar/data/909832/000090983224000049/cost-20240901.htm#f-898,
segments,segment_capex,United States: capex,2024,3725.0,SegmentExpenditureAdditionToLongLivedAssets,srt:ConsolidationItemsAxis=us-gaap:OperatingSegmentsMember; srt:StatementGeographicalAxis=country:US,2023-09-04,2024-09-01,0000909832-24-000049,2024-10-09,f-900,https://www.sec.gov/Archives/edgar/data/909832/000090983224000049/cost-20240901.htm#f-900,
segments,segment_capex,Canada: capex,2024,351.0,SegmentExpenditureAdditionToLongLivedAssets,srt:ConsolidationItemsAxis=us-gaap:OperatingSegmentsMember; srt:StatementGeographicalAxis=country:CA,2023-09-04,2024-09-01,0000909832-24-000049,2024-10-09,f-901,https://www.sec.gov/Archives/edgar/data/909832/000090983224000049/cost-20240901.htm#f-901,
segments,segment_capex,Other International: capex,2024,634.0,SegmentExpenditureAdditionToLongLivedAssets,srt:ConsolidationItemsAxis=us-gaap:OperatingSegmentsMember; srt:StatementGeographicalAxis=cost:OtherInternationalMember,2023-09-04,2024-09-01,0000909832-24-000049,2024-10-09,f-902,https://www.sec.gov/Archives/edgar/data/909832/000090983224000049/cost-20240901.htm#f-902,
segments,segment_ppe_net,United States: ppe net,2024,20638.0,PropertyPlantAndEquipmentNet,srt:ConsolidationItemsAxis=us-gaap:OperatingSegmentsMember; srt:StatementGeographicalAxis=country:US,,2024-09-01,0000909832-24-000049,2024-10-09,f-904,https://www.sec.gov/Archives/edgar/data/909832/000090983224000049/cost-20240901.htm#f-904,
segments,segment_ppe_net,Canada: ppe net,2024,2602.0,PropertyPlantAndEquipmentNet,srt:ConsolidationItemsAxis=us-gaap:OperatingSegmentsMember; srt:StatementGeographicalAxis=country:CA,,2024-09-01,0000909832-24-000049,2024-10-09,f-905,https://www.sec.gov/Archives/edgar/data/909832/000090983224000049/cost-20240901.htm#f-905,
segments,segment_ppe_net,Other International: ppe net,2024,5792.0,PropertyPlantAndEquipmentNet,srt:ConsolidationItemsAxis=us-gaap:OperatingSegmentsMember; srt:StatementGeographicalAxis=cost:OtherInternationalMember,,2024-09-01,0000909832-24-000049,2024-10-09,f-906,https://www.sec.gov/Archives/edgar/data/909832/000090983224000049/cost-20240901.htm#f-906,
segments,segment_total_assets,United States: total assets,2024,48816.0,Assets,srt:ConsolidationItemsAxis=us-gaap:OperatingSegmentsMember; srt:StatementGeographicalAxis=country:US,,2024-09-01,0000909832-24-000049,2024-10-09,f-908,https://www.sec.gov/Archives/edgar/data/909832/000090983224000049/cost-20240901.htm#f-908,
segments,segment_total_assets,Canada: total assets,2024,6915.0,Assets,srt:ConsolidationItemsAxis=us-gaap:OperatingSegmentsMember; srt:StatementGeographicalAxis=country:CA,,2024-09-01,0000909832-24-000049,2024-10-09,f-909,https://www.sec.gov/Archives/edgar/data/909832/000090983224000049/cost-20240901.htm#f-909,
segments,segment_total_assets,Other International: total assets,2024,14100.0,Assets,srt:ConsolidationItemsAxis=us-gaap:OperatingSegmentsMember; srt:StatementGeographicalAxis=cost:OtherInternationalMember,,2024-09-01,0000909832-24-000049,2024-10-09,f-910,https://www.sec.gov/Archives/edgar/data/909832/000090983224000049/cost-20240901.htm#f-910,
segments,category_sales,Net sales: Foods and sundries,2024,101463.0,RevenueFromContractWithCustomerExcludingAssessedTax,srt:ProductOrServiceAxis=cost:FoodandSundriesMember,2023-09-04,2024-09-01,0000909832-24-000049,2024-10-09,f-961,https://www.sec.gov/Archives/edgar/data/909832/000090983224000049/cost-20240901.htm#f-961,
segments,category_sales,Net sales: Non-foods,2024,63973.0,RevenueFromContractWithCustomerExcludingAssessedTax,srt:ProductOrServiceAxis=cost:NonFoodsMember,2023-09-04,2024-09-01,0000909832-24-000049,2024-10-09,f-964,https://www.sec.gov/Archives/edgar/data/909832/000090983224000049/cost-20240901.htm#f-964,
segments,category_sales,Net sales: Fresh foods,2024,34220.0,RevenueFromContractWithCustomerExcludingAssessedTax,srt:ProductOrServiceAxis=cost:FreshFoodMember,2023-09-04,2024-09-01,0000909832-24-000049,2024-10-09,f-967,https://www.sec.gov/Archives/edgar/data/909832/000090983224000049/cost-20240901.htm#f-967,
segments,category_sales,Net sales: Warehouse ancillary and other,2024,49969.0,RevenueFromContractWithCustomerExcludingAssessedTax,srt:ProductOrServiceAxis=cost:OtherMember,2023-09-04,2024-09-01,0000909832-24-000049,2024-10-09,f-970,https://www.sec.gov/Archives/edgar/data/909832/000090983224000049/cost-20240901.htm#f-970,
